Country Code,1980,1981,1982,1983,1984,1985,1986,1987,1988,1989,1990,1991,1992,1993,1994,1995,1996,1997,1998,1999,2000,2001,2002,2003,2004,2005,2006,2007,2008,2009,2010
ABW,,,,,,,,,,,,,,,,,,,,,,,,,,,,,,,
AFE,3.744559806,3.846586953,3.968381406,3.968658515,3.976300489,3.893673622,4.10130549,4.04650549,4.378748952,4.342689628,4.148279084,3.587643703,2.838008183,3.101741948,2.617658077,2.139542957,1.831230994,1.826008236,1.827185667,2.277841735,2.003120463,1.95973493,2.023797737,1.770485937,1.863809283,1.675980069,1.704305011,1.666514344,1.929370573,1.914091841,1.535153944
AFG,,,,,,,,,,,,,,,,,,,,,,,,,2.431253787,1.992065699,1.896233996,2.566267352,2.335545702,2.087412553,1.945835694
AFW,2.488962277,2.496686256,2.106503721,2.093106425,1.600645296,1.549023085,1.519547806,1.235774003,1.290564893,1.133921507,1.153105447,1.137532809,1.109824245,1.249678463,0.961757811,0.641819992,0.538495878,0.560893136,0.646377777,1.002278007,0.840603005,1.047133485,1.121486089,0.918267937,0.849750315,0.68162968,0.647036024,0.702778408,0.828197026,0.921067617,0.832850146
AGO,,,,,,1.72E-05,1.73E-05,22.25,21.9805,19.43233333,17.46366667,7.1025,5.682830543,17.52258908,5.709280691,4.707392768,2.447848157,5.972268207,2.642011881,17.33469221,6.392603154,4.524353815,2.869932445,3.761479074,3.471180187,3.692240947,3.761495305,3.114054493,3.573120381,4.709610048,4.177584522
ALB,6.052021633,5.848317053,5.651595745,5.44128199,6.117504543,5.651426199,5.626186504,5.862228923,5.617316628,5.167612724,5.88830072,5.791270422,4.670887824,3.199451067,2.54781906,2.053587359,1.379029627,1.28308078,1.238242561,1.249210099,1.246360242,1.309291375,1.320034494,1.336842924,1.381157942,1.350004971,1.567769089,1.820765344,1.984868857,1.51721714,1.558591893
AND,,,,,,,,,,,,,,,,,,,,,,,,,,,,,,,
ARB,8.017569722,9.210380511,11.15003102,11.04783873,11.54027689,10.38701106,,8.565454081,8.061225735,,,10.75188152,8.590834631,7.834841019,7.388907373,6.586358644,6.010140515,6.566794508,7.470165801,6.455886586,6.357173964,6.328276697,5.812903359,5.387565667,5.021794466,4.555601023,4.304079335,4.445036937,4.129745787,5.222358323,4.971477636
ARE,,,,,,,,,,,,,,,,,,6.759061481,8.62972121,7.669537998,8.323722245,5.612105523,4.875531805,4.692306267,4.61147764,3.656470678,3.225974473,3.28052137,3.668022649,5.457107773,6.038592208
ARG,3.098958333,3.465346535,2.704557935,2.738812785,2.162039144,2.299717248,2.313678749,2.28438688,2.124939223,1.880365592,1.450909212,1.506926555,1.421222233,1.422802901,1.457038533,1.473073107,1.241227264,1.140139111,1.136318022,1.220359548,1.148822677,1.184233542,1.091880479,1.060895057,0.883295359,0.847154784,0.788233877,0.792548175,0.762756475,0.886508577,0.814878105
ARM,,,,,,,,,,,,,2.203389831,2.296644333,,4.059311908,3.281867004,3.90939856,3.528096003,3.697374231,3.560024873,3.127249385,2.697714749,2.728372214,2.741996705,2.871931363,2.947613156,3.042574701,3.395579363,4.157049908,4.265646056
ASM,,,,,,,,,,,,,,,,,,,,,,,,,,,,,,,
ATG,,,,,,,,,,,,,,,,,,,,,,,,,,,,,,,
AUS,2.248956904,2.296601945,2.393265216,2.519811819,2.505233651,2.523268379,2.540429752,2.372988832,2.161814883,2.051827509,2.07590586,2.168042858,2.16874608,2.178029886,2.116598589,2.021312568,1.930440067,1.867334395,1.871121813,1.889235741,1.829841913,1.870093879,1.873964621,1.846289689,1.827410769,1.80249268,1.822330926,1.812273234,1.796688089,1.923938334,1.852928258
AUT,1.420246106,1.380051733,1.41299673,1.391175884,1.414158336,1.512623567,1.508758541,1.416677903,1.299181144,1.234154925,1.195660267,1.154217118,1.099214072,1.115584541,1.094453076,1.073232052,1.049682977,1.046433982,1.018072863,0.980246123,0.98031858,0.908240041,0.883527837,0.913640319,0.893480466,0.850142574,0.785813244,0.900457173,0.870705123,0.833379565,0.821232712
AZE,,,,,,,,,,,,,2.400225621,5.000467786,1.94658459,2.736901303,2.254230341,2.324049799,2.412355913,2.625109931,2.267862063,2.312062608,2.24331377,2.426362555,2.629481138,2.299069675,3.417759333,2.864194919,3.291211146,3.325421682,2.791004357
BDI,2.918803369,3.030330243,3.50702489,3.104808926,2.975400785,2.751172646,2.805413158,2.649139912,3.145245149,3.349522133,3.448712473,3.786270865,3.595637948,3.72027582,3.921111198,4.209072899,5.856884919,6.359652961,6.572272507,6.257643657,4.862402213,6.071737158,5.441678859,5.533435389,4.903266843,4.436190041,3.511718452,3.414595248,2.720890527,,
BEL,3.250195386,3.366049436,3.269944591,3.19141317,3.007902449,2.931233854,2.953772624,2.901794793,2.628748416,2.460854324,2.355440459,2.287692847,1.83233253,1.735965893,1.67714315,1.565752151,1.540102651,1.476975796,1.463919265,1.385835559,1.341210276,1.276504166,1.215712208,1.214988156,1.149272139,1.096641182,1.056123069,1.098018764,1.221914517,1.167768437,1.090488217
BEN,2.031651419,1.551371319,1.04929865,1.188970677,1.45869894,1.304931932,1.35509654,1.5695985,1.564091205,1.307896061,1.225157121,,,,,,,,,0.48538923,0.412852302,0.357971127,0.622819458,0.647223227,0.67614985,0.680970685,0.665723324,,0.66395898,,
BFA,2.746691176,2.842689698,3.003303634,2.932183416,3.017167437,1.836525411,2.621893491,2.252586462,2.310812644,2.740774077,2.704892966,2.166869267,2.049651568,1.862529885,1.422884729,1.383042694,1.28708847,1.417055045,1.27636264,1.385531386,1.238046381,1.155515024,1.177934977,1.073055338,1.207005766,1.201894848,1.110321797,1.415726528,1.242912608,1.352764976,1.224785543
BGD,0.857420859,0.915831691,1.060869685,1.270673712,1.17804196,1.054272784,1.112191676,1.168232539,1.246388097,1.290861801,1.223165026,1.214422802,1.36050315,1.429390515,1.529023664,1.566693141,1.539073594,1.571667926,1.567535198,1.584834391,1.357119181,1.288422776,1.048366463,1.002633098,0.998859774,0.97281009,0.989838837,0.997091964,0.938215292,1.028939548,1.184384017
BGR,,,,,,,,,,4.39627075,3.83344349,3.043231573,2.972633843,2.609271612,2.492617286,2.374131284,2.402934109,2.430701355,2.453059147,2.645171956,2.652455762,2.862519544,2.779676555,2.691201472,2.373711682,2.235350267,2.081761908,2.228539901,2.131863983,1.739511501,1.642679166
BHR,5.698891307,6.902581566,8.535161949,4.790336018,4.179305696,4.588158182,5.837762481,5.253253881,5.603045758,5.644661664,5.284791544,5.703750648,5.878071992,5.369855167,5.111302188,5.18323179,5.273939764,5.068487413,5.333103953,5.503621544,3.961670969,4.148081632,4.611106606,4.658832803,4.044928848,3.214381095,3.102947728,2.956990234,2.800161369,3.61053525,3.277755942
BHS,,,,,,,,,,,,,,,,,,,,,,,,,,,,,,,
BIH,,,,,,,,,,,,,,,,,,,,,,,3.904372905,2.41669769,1.889602808,1.544219658,1.386533469,1.236152896,1.22061206,1.376586212,1.280341409
BLR,,,,,,,,,,,,,1.622498648,2.790971461,3.621608255,1.699463769,1.26069256,1.768966551,1.495098702,1.366760738,1.346984151,1.438290747,1.400245801,1.2990639,1.358222314,1.498453135,1.709412492,1.649765914,1.453492852,1.372576981,1.341383433
BLZ,,1.158969928,1.437587169,1.534381036,1.543918919,1.559825996,,,,1.199332232,0.867929439,0.79021233,0.763108824,0.816419366,1.023677279,0.98365003,0.93555276,1.082512145,,,0.637640601,0.640861919,0.635154453,0.658829265,0.682599472,0.732853762,0.776926086,0.811211022,1.082517387,1.027406026,0.882120948
BMU,,,,,,,,,,,,,,,,,,,,,,,,,,,,,,,
BOL,3.172399893,3.902203322,1.9818473,1.499320703,2.170841736,2.013992525,2.345549228,2.377263176,2.02098132,2.1562887,2.815883319,2.688324857,2.506118833,1.91634981,2.250301234,2.096162258,1.986807543,2.273610301,2.69111086,2.133287095,2.062971513,2.320446744,1.990333715,2.145483398,1.896503305,1.717004423,1.466226984,1.489047584,1.961776603,1.761360756,1.707905055
BRA,1.138434421,1.143148768,1.303534361,1.254580323,1.199541045,1.429523122,1.220388728,1.743994031,2.118072205,2.68625,2.363841025,1.963333333,1.521528861,1.927922815,2.016007789,1.86213698,1.6548435,1.577688316,1.66229192,1.645474667,1.730726147,1.951882445,1.895771199,1.503477636,1.461268409,1.524013393,1.481084895,1.4662921,1.441924093,1.538625697,1.539406981
BRB,,,,,,,,,,,,,,,,,,,,,,,,,,,,,,,
BRN,,,,,2.574084402,2.88778814,4.670729808,3.792514955,6.6299771,6.21043627,6.437735269,6.404350125,6.245144781,5.740231735,5.982471359,5.477265965,6.249493831,7.183964552,7.529843893,6.130418352,4.06920549,3.886397608,3.870782758,3.711419618,2.532730088,2.349427638,2.303963195,2.380152244,2.261792369,2.941072032,2.850487901
BTN,,,,,,,,,,,,,,,,,,,,,,,,,,,,,,,
BWA,3.207620529,2.978298115,2.69474386,2.326337698,2.437270832,2.184731489,2.663595803,4.794414575,4.899677023,3.56901008,4.445158035,4.603469927,4.482809049,4.933491973,4.008120396,3.506479719,2.899521498,3.197204627,3.779398844,3.092073755,3.191242951,3.831223033,4.11020649,4.007366589,3.505874041,2.858004185,2.754546095,2.90001469,3.097620399,3.262820738,2.75907988
CAF,,,,,,,,,,,,1.568069342,1.642125317,1.497087845,1.255882652,1.16678192,1.210192071,,,,,,1.08695557,1.263854401,1.153088004,1.089759933,,1.089077245,1.549880994,1.747970741,2.409960175
CAN,1.764448615,1.709915638,1.954343585,2.081196249,2.117188855,2.097376234,2.109197118,2.062576371,1.986767119,1.934614309,1.958793742,1.895444339,1.8616877,1.821753504,1.696680257,1.554090071,1.403752581,1.246243202,1.256293902,1.241703064,1.114349802,1.133356283,1.116869147,1.111937307,1.104189391,1.107105424,1.122524729,1.18579023,1.245518367,1.377555631,1.194338338
CEB,,,,,,,,3.598332454,3.947421532,4.052839734,,2.740756476,2.818738233,2.658570829,2.677709304,2.364451503,2.242184369,2.249506056,2.116159433,1.953459711,1.860185079,1.89143553,1.893633395,1.859247833,1.751988874,1.773333844,1.693995506,1.651370723,1.529402973,1.521047905,1.471844809
CHE,1.678606546,1.662802221,1.728194511,1.748805589,1.701248303,1.824971868,1.661021951,1.561866055,1.564805264,1.524165367,1.572147188,1.537824886,1.523709272,1.366964345,1.332284094,1.355810883,1.283756802,1.220864103,1.185203901,1.086212205,1.029280117,0.99188008,0.95638835,0.926630419,0.888925075,0.833064037,0.753808478,0.718232324,0.722484412,0.731793377,0.687220166
CHI,,,,,,,,,,,,,,,,,,,,,,,,,,,,,,,
CHL,6.48209287,7.022118889,8.877267738,7.575222602,7.605406176,6.900608611,6.288002199,5.638071075,4.13999608,3.590029509,3.401654859,2.849842767,2.628510469,2.706922937,2.597544983,2.562064629,2.449320898,2.498201924,2.589837226,2.713631594,2.688615886,2.647049152,2.531542942,2.70297151,2.712290407,2.534762993,2.506082143,2.330980634,2.583652259,2.276507868,2.254240915
CHN,,,,,,,,,,2.447101315,2.454016116,2.311243412,2.449542068,1.928066874,1.693479599,1.686233887,1.65272667,1.632650673,1.655080691,1.871465914,1.835759685,1.983086244,2.059364653,1.996288936,1.938508233,1.871858023,1.869591636,1.750164585,1.716042546,1.893523796,1.733519862
CIV,1.164286711,1.091036048,1.142167706,1.115046625,1.025590419,0.996969504,1.05352867,1.217098753,1.249140612,1.330374658,0.964774733,0.994003863,1.017086803,0.973500965,0.731597908,,0.611814464,0.577204483,,,,,,1.006751824,1.096073443,1.058065308,1.086579561,1.150833029,1.101704681,1.251735726,1.127105101
CMR,1.555817726,1.818915609,1.990519146,1.890684084,1.740219092,1.339835729,1.217823458,1.250025497,1.284796155,1.333689155,1.474566613,1.514551699,1.532605614,1.326124551,1.310340092,1.251644839,1.224837883,1.301241746,1.396509438,1.443852391,1.324748865,1.290360035,1.338506756,1.383806998,1.401603832,1.143900624,1.229793943,1.241592993,1.255590741,1.233834189,1.288375177
COD,,,,,,,,,,,,,,5.226085685,,,1.546801091,1.410851124,0.428454161,1.158150664,0.220260773,,,0.880645711,1.336604385,1.380795458,1.419205358,1.226124287,0.808542544,0.656239765,0.851731339
COG,3.365982242,3.187096179,3.345045678,,2.253103808,2.575195715,,4.374167391,,,,,3.829288608,3.644869108,,,,,,,,1.792224541,2.123352384,2.432293399,2.440179903,1.518137941,1.569342919,1.916288944,1.79027941,,1.662590448
COL,1.830121649,1.755120362,1.713850959,2.219937527,2.325894964,2.054016609,1.944619591,1.983135416,2.199244755,2.188183807,1.8601593,1.853481783,2.106677943,2.525267018,2.508407013,2.831626581,4.445393254,2.801787886,3.440985742,3.762742058,3.031683539,3.323872819,3.417127624,3.463988691,3.465015174,3.374679694,3.295824991,3.286301709,3.737246986,3.886963837,3.636915046
COM,,,,,,,,,,,,,,,,,,,,,,,,,,,,,,,
CPV,,,,,2.792398965,2.463444386,2.335531481,2.103676174,1.913885606,,,,0.992592471,0.756580531,0.838878589,1.265080851,0.84417531,0.831007455,0.858540442,0.838543201,1.154025913,0.753615197,0.66548029,0.648753559,0.630978438,0.649497233,0.564741208,0.524703169,0.601269382,0.490877611,0.495061947
CRI,,,,,,,,,,,,,,,,,,,,,,,,,,,,,,,
CSS,,,,,,,,,,,,,,,,,,,,,,,,,,,,,,,
CUB,,,,,,,,,,,,,,,,,,,,,,,,,,,,,,3.380960052,3.326856112
CUW,,,,,,,,,,,,,,,,,,,,,,,,,,,,,,,
CYM,,,,,,,,,,,,,,,,,,,,,,,,,,,,,,,
CYP,,,,,,1.270291696,1.577157899,5.391477698,5.700256029,5.369355098,7.374035613,7.264776122,9.129286044,4.074952605,4.023989196,3.041034215,4.524714829,5.57391077,4.676317946,2.73385097,2.822090151,3.153222159,2.130160735,1.985163124,1.955769162,2.037469743,1.899997863,1.684599658,1.629704944,1.816819508,1.852924551
CZE,,,,,,,,,,,,,,2.330404066,2.283400858,1.843622773,1.731904688,1.662045791,1.82593182,1.859069923,1.877356956,1.751249558,1.824406968,1.892764044,1.713703173,1.7788222,1.567835336,1.423716289,1.232471567,1.310564143,1.194772181
DEU,2.96134976,3.041879689,3.034295629,3.026973941,2.926224662,2.867379484,2.790328567,2.772299026,2.64090993,2.532430534,2.518432707,1.997834988,1.860479941,1.693538323,1.550276433,1.495022014,1.46585846,1.409301733,1.390894786,1.395074355,1.358883033,1.323438303,1.327958121,1.316924865,1.268957396,1.065629701,1.199302958,1.172471765,1.209034004,1.310604073,1.266826626
DJI,0.535539602,1.415326001,7.485064011,7.659693166,,,,,,,,6.650884508,6.760028054,6.158737241,5.757444699,5.791646029,5.080478793,5.474986078,5.65087454,5.478089713,5.069101191,,,,5.607179054,4.507756783,4.58763424,2.901074893,2.627582525,,
DMA,,,,,,,,,,,,,,,,,,,,,,,,,,,,,,,
DNK,2.363092523,2.438666392,2.419895025,2.364742876,2.235470726,2.104672107,1.944819237,2.031647483,2.087470632,2.024220137,1.950757035,1.95468015,1.889377285,1.90719767,1.770109883,1.685314665,1.644816658,1.615961205,1.608026388,1.564854723,1.457444051,1.53238072,1.508149852,1.46685125,1.423704234,1.3114885,1.377492014,1.307246829,1.35500459,1.350178625,1.398621787
DOM,1.583543216,1.720128253,1.582040078,1.366505433,1.198895981,1.210052351,1.344154055,1.018139942,0.880047488,0.800367985,0.675729388,0.348155032,0.559086816,0.755070036,0.733765624,0.549477868,0.63365161,0.796926407,0.780062374,0.816243888,1.030096472,1.213496052,1.058919211,0.764145027,0.687618052,0.766536372,0.683423361,0.627619057,0.699861657,0.66746117,0.667531705
DZA,2.102063296,1.818048875,2.063097441,1.951213252,1.755124007,1.643706897,1.787213666,1.856376277,1.749698749,1.540123779,1.461070586,1.210834059,2.14013213,2.505631577,3.146430012,2.935027107,3.094088396,3.637403468,3.965673788,3.755079983,3.433385635,3.820695463,3.700829359,3.251210893,3.283884523,2.83417835,2.643807548,2.923321027,3.024747141,3.848513698,3.518012609
EAP,,,,,,,,,,2.374644405,2.345328673,2.277741582,2.328025858,1.989984971,1.879675311,1.819064474,1.756555946,1.718691494,1.630159806,1.74900045,1.674127185,1.79854996,1.853818317,1.843730556,1.776945742,1.701642709,1.684282073,1.628809398,1.60042283,1.755375309,1.596624195
EAR,4.561339918,4.790395854,5.561559326,5.131841719,5.005987236,4.717430528,3.940084483,4.604434416,4.261093112,3.825171378,3.573559199,3.551877809,3.156438451,2.962387629,2.787809283,2.715350595,2.593824117,2.716044662,2.79365392,2.639061682,2.531705821,2.522810628,2.48334694,2.433923208,2.36804802,2.33300664,2.252382206,2.246575541,2.22892276,2.525772545,2.317978698
EAS,1.741215398,1.763966755,1.85091581,1.764310193,1.722820516,1.713566966,1.527596257,1.505687391,1.473379743,1.581870304,1.597727194,1.55702831,1.565694788,1.48651627,1.433755037,1.398089391,1.431705738,1.442592554,1.407776893,1.407822135,1.350203301,1.416034397,1.453672004,1.454078273,1.434325321,1.449023077,1.476051523,1.478710729,1.472085872,1.574008258,1.485467787
ECA,3.900313297,3.82453187,4.298151312,3.937605205,3.672848474,3.589230401,3.691610485,,,,,,2.681717011,2.766707339,3.007558214,3.041779391,3.228301195,3.345063707,2.838219993,3.291929415,3.142791289,2.963247294,3.124680538,2.796311032,2.397580702,2.2386277,2.222280188,2.201892412,2.13956214,2.225690679,2.038664534
ECS,3.035529228,3.116249565,3.205829315,3.17405594,3.117213428,3.078582011,2.926413668,2.886801516,2.761968759,2.670547165,2.601405332,2.468763046,2.428679375,2.329952165,2.24898237,2.038644581,2.015990253,2.008365475,1.896473762,1.87847426,1.8567714,1.827112887,1.848864626,1.834702556,1.793564175,1.731504194,1.727852575,1.703597662,1.728356459,1.826287979,1.768913248
ECU,1.781224699,1.677840318,1.654002831,1.57477835,1.485232327,1.779738554,1.837386828,1.966316149,1.977626848,1.923989193,1.890323788,1.778360165,1.667206599,1.821421501,1.559343468,2.34132011,1.950397527,2.104171235,2.357234865,1.751925046,1.452075953,1.569375982,1.768891985,2.278553365,1.940332799,2.298402791,2.029825877,2.56823582,2.665041736,3.117418088,3.010551292
EGY,6.160310278,7.416909621,7.188960605,7.958673933,8.26523207,7.856933059,7.498130566,6.528742771,5.060876623,3.968098958,3.467699536,3.611744704,3.215500632,3.097736992,3.153934651,3.082036234,2.97481187,2.841485218,2.659383291,2.569767478,2.55126514,2.98556856,3.278454797,3.17728527,2.877531237,2.714220407,2.606218603,2.379634675,2.180785485,2.032645043,1.952967042
EMU,2.718595638,2.799909702,2.839495241,2.818311144,2.750788589,2.695955152,2.625576494,2.634132373,2.52627664,2.425160069,2.357704102,2.165975702,2.065021039,2.002679231,1.925106585,1.798715189,1.782946471,1.746694352,1.700627472,1.676058816,1.639651988,1.59148909,1.576505769,1.573949074,1.557938112,1.467983877,1.469869053,1.427344244,1.465084037,1.553307029,1.479951544
ERI,,,,,,,,,,,,,,21.32911392,12.71594203,19.53911241,20.34481906,11.86041497,32.49706661,34.37776845,32.65567119,22.13679156,20.67187836,20.86574531,,,,,,,
ESP,2.489895785,2.582108745,2.660306746,2.9362729,2.966005504,2.954721708,2.62503668,2.614700689,2.489375217,2.359675142,2.293305209,2.129192231,2.042803676,2.011871737,2.001337402,1.917022395,1.814439016,1.722815679,1.757319949,1.755234589,1.725517988,1.629584033,1.455973702,1.422544393,1.43022118,1.387177754,1.370007461,1.363106312,1.367620485,1.358353837,1.387378124
EST,,,,,,,,,,,,,,0.761751961,1.041630274,0.958098327,0.873596074,1.046772487,1.067491718,1.287113364,1.376327115,1.502214462,1.667129501,1.743049295,1.699689225,1.450919932,1.387562066,1.657320236,1.767197613,1.799059796,1.700425622
ETH,8.708582133,7.536958032,7.539018428,7.179617834,7.969148162,6.823904199,6.697237569,6.855673685,8.50143611,10.27664846,9.657969809,5.705131545,3.441708349,3.071688351,2.868438702,2.225616054,2.117138489,3.343177478,7.276936149,9.506942683,7.613843906,4.349020778,3.719388099,3.238842734,3.072650407,2.812218375,2.307149324,1.89627733,1.515847964,1.204601578,1.153942527
EUU,2.724331431,2.803341901,2.834250215,2.8088203,2.738529367,2.699502818,2.611398473,2.634235311,2.538676219,2.450007893,2.37914535,2.187303746,2.08758277,2.024711423,1.946062294,1.813149454,1.795937598,1.761303287,1.718065969,1.691862766,1.654468282,1.610537294,1.594268886,1.588869219,1.563771744,1.483683391,1.479162342,1.438863911,1.457743705,1.534727711,1.469559311
FCS,4.075312843,3.847987858,3.191928685,3.766297,3.827843405,3.162993458,3.14092753,,,,,,2.155772207,2.441850978,2.613851982,1.779739827,1.434793759,1.755542391,1.787760533,2.444834812,2.256633881,2.152390812,2.117749372,1.960934591,1.937715509,1.846562584,1.767623404,1.846035305,1.896591914,1.837200438,1.542322138
FIN,1.67093548,1.545586731,1.64375015,1.823263814,1.604041801,1.676579073,1.723909953,1.64553301,1.607691173,1.534314492,1.563351499,1.781231036,1.907131012,1.868011507,1.755603595,1.422541499,1.530472271,1.535155051,1.463175558,1.223103772,1.241147504,1.144512833,1.154637229,1.446857263,1.470163565,1.46451774,1.442401862,1.287520506,1.390939404,1.560742356,1.49175816
FJI,0.862051438,0.919420509,1.154967799,1.241420841,1.222607935,1.133157925,1.043961754,1.969527484,2.052015089,2.270106632,2.10875526,2.166788254,1.840414107,1.808559319,1.702637273,1.62578739,1.424246345,1.364959581,1.259188866,1.131806343,1.756243418,1.82458369,1.548566731,1.486500874,1.583875953,1.323594614,1.608599017,2.237099998,1.52095281,1.786579257,1.605128941
FRA,3.155205085,3.24613261,3.223839134,3.237131775,3.187369251,3.143932802,3.085765016,3.120451605,2.963180609,2.879935312,2.805267627,2.812136438,2.690660711,2.689534806,2.66037496,2.492496189,2.414473951,2.375409653,2.226208307,2.17784297,2.085018245,2.03069529,2.04625799,2.095680413,2.104350835,2.023706919,1.9750983,1.907528634,1.897075896,2.098147335,1.969419353
FRO,,,,,,,,,,,,,,,,,,,,,,,,,,,,,,,
FSM,,,,,,,,,,,,,,,,,,,,,,,,,,,,,,,
GAB,1.603627516,2.28680324,2.447640676,2.553586628,2.255494152,2.859046984,3.995927717,,,,,,,,,,,,,,1.801452248,1.793952098,1.783170277,1.668327933,1.613166169,1.248682169,1.28261921,,,,1.871622566
GBR,5.019903459,4.983763369,5.381326521,5.39688559,5.508079498,5.320704619,5.059823737,4.686668443,4.214287628,4.040954332,3.983217695,4.116802423,3.864717766,3.590649512,3.381933718,2.854199491,2.724592322,2.560148772,2.495962275,2.422909593,2.372796645,2.411122101,2.485659675,2.552062015,2.497821368,2.422716076,2.369674403,2.374657771,2.487150085,2.647724533,2.567999605
GEO,,,,,,,,,,,,,,,,,2.210173027,1.253587669,1.136973956,0.924374856,0.615582491,0.740186005,1.000532997,1.068489125,1.373838972,3.339169797,5.218306951,9.159116517,8.520118395,5.606597051,3.709632391
GHA,0.773574779,0.741113532,,0.341179539,0.593211882,1.000443087,0.900516844,0.892627346,0.437880518,0.430846522,0.276510427,0.368975045,0.37734722,0.42195164,0.426586696,0.335747717,0.286903633,0.287938176,0.334707661,0.3336711,0.4436304,0.264452813,0.260305615,0.30375831,0.277570912,0.260967076,0.262213533,0.370332915,0.2940335,0.336757871,0.282687655
GIB,,,,,,,,,,,,,,,,,,,,,,,,,,,,,,,
GIN,0.902357646,0.793828345,0.639108638,,,,,,,,,2.38055426,1.694640615,1.340709363,1.356116905,,,1.172819262,1.254991803,1.595131143,1.534637514,3.100210546,3.324680244,2.441181415,2.22856441,,,,,,
GMB,,,,0.34090903,0.477501573,0.551225895,0.563939017,0.631086622,0.810531317,0.95839227,0.461265972,0.504243267,0.409650499,0.279219754,0.255557492,0.30461567,0.397307469,0.407575946,0.384833815,0.325833061,0.315793599,0.234862059,0.24438081,0.227388636,0.192621402,0.277027429,0.260242378,0.355318377,1.094917658,0.482205428,
GNB,,,0.008694578,0.013478315,0.015024038,0.010903144,0.024396442,0.058086957,,0.181085044,,,,,0.317965024,0.49556809,0.566593083,0.650521153,1.404761905,,2.628030362,1.626726771,1.558602899,1.575423111,,1.894599283,,,,1.550257692,1.823879576
GNQ,,,,,,,,,,,,,,,1.98642304,2.045616853,,,,,,,,,,,,1.501825824,1.482309067,2.474929604,
GRC,4.660805995,5.735701309,5.626593458,5.172476663,4.835444337,4.692566938,4.128015122,4.255520448,4.198232231,3.765869465,3.798260327,3.48486511,3.62980089,3.600124696,3.581972329,3.173190196,3.311913282,3.36586889,3.533868815,3.360469945,3.46535532,3.251412856,3.077374575,2.493894752,2.60567253,2.836596277,2.78341887,2.679305921,2.983052345,3.224841138,2.750218262
GRD,,,,,,,,,,,,,,,,,,,,,,,,,,,,,,,
GRL,,,,,,,,,,,,,,,,,,,,,,,,,,,,,,,
GTM,1.316851537,1.889449104,2.025718678,2.035934099,2.190849287,2.007370436,1.667497995,1.750710007,1.869076997,1.80285163,1.728011563,1.268437264,1.472620375,1.267060171,1.178534599,1.080427374,0.895717414,0.742817943,0.720839851,0.67560076,0.918401635,1.052062929,0.762245026,0.815655343,0.479416089,0.383913657,0.431829465,0.398456601,0.468231103,0.395326074,0.441382604
GUM,,,,,,,,,,,,,,,,,,,,,,,,,,,,,,,
GUY,3.700265252,3.944896681,5.126556017,4.516348774,4.674705882,8.436863544,5.355855856,3.08608877,2.663766014,1.583736689,0.90582828,0.582892778,0.969692301,0.950952236,1.005936721,0.915520386,0.787830934,,,,1.765977248,2.017945623,2.293286681,2.199716827,2.809324834,1.410485837,0.805815135,0.914399668,1.008881075,0.981015648,0.905210396
HIC,3.691252268,4.001139117,4.60998489,4.385149411,4.405573541,4.464405662,4.046464996,3.897434804,3.633709087,3.556522578,3.446767991,3.140863676,3.064800412,2.897094999,2.698872453,2.441580932,2.378817839,2.398574774,2.338195712,2.257183532,2.265900234,2.299493669,2.415179664,2.497571932,2.512064831,2.524839639,2.516695058,2.493882645,2.588447551,2.85274769,2.813381712
HKG,,,,,,,,,,,,,,,,,,,,,,,,,,,,,,,
HND,2.221356196,2.145770527,2.307559842,2.274943126,2.440494125,2.582772359,2.77011947,2.950030102,2.853745541,2.670795433,2.201483609,1.544685546,,1.157829785,,,,,,,0.72992906,0.822610515,0.809187514,0.998264922,0.682692754,0.641478464,0.692430001,0.776008265,0.953978556,1.074910696,1.074457208
HPC,2.725460008,2.857361229,2.885150155,3.154018327,3.162657855,3.079206753,3.168255987,2.722168705,2.900023937,2.970252578,3.293002968,3.108791133,2.121415232,2.3037152,1.927653347,1.556301262,1.451114922,1.469628419,2.139173787,2.383111782,2.038688114,1.943458454,1.83582588,1.558071877,1.888074826,1.530095994,1.606977394,1.787590189,1.848899493,1.83012463,1.312435686
HRV,,,,,,,,,,,,,7.607386443,10.72675715,11.14817729,9.175691323,8.163214704,7.521586424,5.595251297,4.416376933,3.020986603,2.704608554,2.709843611,2.027701044,1.741865921,1.745643601,1.670118856,1.616797625,1.831726129,1.789821051,1.681190044
HTI,,,,,,,,,0.088607367,0.089119409,0.102173248,0.111550388,0.113783289,0.106326028,0.077784781,0.106210123,,,,,,,,,,,,,,,
HUN,3.34257975,3.333760739,3.243306994,3.335936628,3.147675013,4.972429138,3.22373255,3.155577299,3.596223271,2.786162062,2.563538027,2.161469799,2.179653172,1.90656829,1.824134384,1.324727483,1.25906104,1.476684403,1.272164175,1.4336126,1.513100227,1.57012709,1.593773802,1.642621594,1.472723819,1.409836156,1.218566507,1.267214251,1.179767562,1.125985152,1.021990357
IBD,3.024170068,3.343553426,3.498924311,3.483638043,3.229667523,3.287387232,3.48079901,3.334155128,,2.741019517,2.450267012,2.2097001,2.404605182,2.262997689,2.230024312,2.149287605,2.066933543,2.051669918,1.906592813,1.969206215,1.894755195,1.974383902,2.019532704,1.988387402,1.932944899,1.926524804,1.891609113,1.85415475,1.86757861,2.050593919,1.903108235
IBT,3.17060912,3.366738902,3.50802884,3.552149336,3.351291308,3.365362877,3.506451278,3.309075023,,2.775817126,2.537918757,2.347431584,2.465513989,2.334464805,2.285649963,2.15985483,2.059063902,2.034986212,1.913272442,2.014889153,1.93511537,1.999721785,2.042622465,1.997490896,1.948762392,1.923606264,1.882483655,1.851746417,1.865327057,2.03735895,1.888034538
IDA,3.909889758,3.453099414,3.542431676,3.894129917,3.994793186,3.763918861,3.646643641,3.166978083,3.115436707,3.104600954,3.273394946,3.378585882,3.127834037,3.119816685,2.929390544,2.277056232,1.978516068,1.862633899,1.98346762,2.626875704,2.434917562,2.325860711,2.322256884,2.101707219,2.1342469,1.88811166,1.769568706,1.819521069,1.836007236,1.861753212,1.668586731
IDB,3.855653606,3.212555637,3.092873388,3.307114551,3.109910759,2.966108759,3.15928449,3.071794829,3.225341093,3.194367472,3.034068975,3.027124592,3.144068771,3.090811212,2.519072876,1.980090965,1.778765398,1.648459998,1.588206534,2.585739882,2.390729971,2.269728444,2.388641305,2.166211917,2.094112657,1.874899204,1.625120004,1.585333896,1.563855428,1.525913611,1.491093431
IDN,2.917217691,2.884622001,2.90192827,2.39812942,2.285420259,2.170599354,2.009765396,1.72218767,1.530841059,1.389136341,1.41049292,1.324064184,1.356876007,1.223557809,1.266155617,1.226309861,1.264392528,1.497741738,1.019116844,0.810812654,0.684483764,0.572792653,0.700120209,0.909285037,0.945714622,0.750789394,0.658702778,0.712361931,0.578945804,0.571133892,0.617587092
IDX,3.960925311,3.869164026,4.289455189,4.667379326,4.917684431,4.578067139,4.072784835,3.249511304,3.025040842,3.025524119,3.437651784,3.612170831,3.115122179,3.141234119,3.315764104,2.688161943,2.268008533,2.170760185,2.585363999,2.660604586,2.475151202,2.380412791,2.255440662,2.043856032,2.170505632,1.90072669,1.926104476,2.071219781,2.098789601,2.154510703,1.848144206
IMN,,,,,,,,,,,,,,,,,,,,,,,,,,,,,,,
IND,3.13378133,3.186248122,3.345117666,3.32306866,3.416875594,3.569030278,4.106468681,4.231317527,3.728671783,3.534179728,3.14621461,2.909974328,2.704839706,2.823542246,2.664673727,2.578483572,2.472768225,2.647732426,2.727311417,2.957195647,2.948929906,2.924435546,2.82686683,2.677776932,2.828752248,2.910587502,2.68038156,2.478246528,2.631460781,3.129384727,2.889463272
INX,,,,,,,,,,,,,,,,,,,,,,,,,,,,,,,
IRL,1.665267012,1.580606618,1.591236948,1.492631233,1.412439425,1.416044204,1.423205265,1.282300247,1.199434153,1.105476119,1.203503284,1.253935313,1.20411855,1.139225149,1.108732591,1.014359388,0.989927159,0.924066127,0.823869516,0.750676499,0.695697742,0.703517156,0.63401372,0.587540936,0.568322292,0.540612699,0.513151244,0.508754794,0.57698782,0.601169021,0.574760722
IRN,5.343150185,8.190380823,7.906890638,7.09708065,6.354853844,6.51241844,6.079335975,5.889107789,6.269777621,4.557980493,2.942650125,2.169707967,1.789305444,1.700361202,2.073010005,2.154165885,2.244864511,2.498874725,2.629079248,2.404551738,2.295042222,2.418179297,2.174576366,2.405040265,2.834557805,3.036654498,3.3151938,2.653982821,2.683341921,3.047705549,2.786548061
IRQ,5.511524667,10.82953444,,,,,,,,,,,,,,,,,,,,,,,1.675589368,2.242580305,1.897571722,2.239928025,2.367759824,2.899140076,2.70935228
ISL,,,,,,,,,,,,,,,,,,,,,,,,,,,,,,,
ISR,18.91933663,20.26226862,18.38821008,15.54688868,16.18222892,16.60064353,14.76771288,16.90014495,15.94709456,12.44573265,12.36268619,15.58698291,10.92507753,11.52324399,10.11996584,7.918743906,7.729654187,7.47926786,6.980216666,6.530123302,6.297164983,6.508063123,6.59401334,6.486405973,6.358035113,6.26491269,6.049564455,6.367865558,6.391801097,6.148111929,5.936345029
ITA,1.763643237,1.821112506,2.005372903,2.01650142,2.008607774,1.93636892,1.977142642,2.060353644,2.072857459,2.02642732,1.880798413,1.858852684,1.751976983,1.786767973,1.71374276,1.467843143,1.588492279,1.626692799,1.644508879,1.683299798,1.741059504,1.679364738,1.706187246,1.708995537,1.68267327,1.600968764,1.521343326,1.447052519,1.535674797,1.554210702,1.500494576
JAM,,1.50794249,1.62772068,1.385989247,1.059731795,0.891059849,0.853933329,0.770446354,0.807990672,0.929262992,0.840785086,0.758524568,1.107838246,0.82190641,0.629920603,0.538709243,0.567656627,0.655054827,0.544947829,0.511051526,0.486319761,0.50435895,0.585431034,0.581596298,0.535969968,0.527663695,0.608922319,0.65245791,0.953354274,0.947227445,0.874179484
JOR,10.64587859,10.00897356,9.939695142,9.850838161,9.216300284,10.04810913,9.774560256,9.577580589,9.363614696,9.070780953,7.751067583,9.973089562,6.924248719,6.977109417,6.539457019,4.454248505,6.026917517,6.131506209,6.274621651,6.282233221,6.256556426,5.893078535,5.446014467,6.001059482,5.141721289,4.79532279,4.659324009,5.851282566,5.994971561,6.39138388,5.741499828
JPN,0.906794213,0.916648153,0.926375567,0.952297427,0.958404159,0.959397914,0.962811252,0.965510913,0.949708859,0.940781036,0.941791766,0.940821904,0.94831244,0.950663825,0.9228718,0.916876617,0.911247076,0.920437898,0.938594775,0.945248337,0.91598561,0.931672842,0.94035754,0.94004661,0.926604016,0.9169168,0.902988432,0.884987382,0.907855046,0.972969566,0.949032561
KAZ,,,,,,,,,,,,,,1.062620209,0.838731749,1.032421663,1.20199446,1.112939006,1.149738283,0.819607059,0.78464508,0.999817479,0.998337702,1.029927459,0.988239741,1.036321239,0.978998796,1.296876822,1.154668506,1.103033241,1.014415565
KEN,4.515319835,4.225324839,4.572783179,4.195233924,3.476912474,2.375757456,2.50357532,3.133743491,2.945553395,2.740851686,2.888214958,2.35425809,1.900746762,1.837741595,1.641252808,1.646716231,1.417954703,1.340638598,1.220122519,1.186974148,1.313742032,1.504754902,1.632407811,1.650099843,1.614194237,1.690587014,1.45517741,1.54791228,1.615850294,1.365075717,1.369985258
KGZ,,,,,,,,,,,,,0.852955679,0.825055559,1.090281591,1.790516937,1.547980068,1.763018686,1.590634088,1.851247589,1.882678682,1.454422566,1.615087079,1.696728798,1.683306778,1.614401811,1.665639507,1.338821859,1.18919891,1.433109918,1.611018527
KHM,,,,,,,1.146850882,1.574245346,1.278203562,1.992453582,2.071375594,2.327896585,3.145933014,1.761289499,3.8423429,3.577310579,3.238454583,3.003361162,2.6620479,2.510029082,2.20981321,1.774810531,1.519617405,1.447518851,1.296742212,1.127579071,1.04310008,0.914612028,0.798217508,1.313127999,1.493096881
KIR,,,,,,,,,,,,,,,,,,,,,,,,,,,,,,,
KNA,,,,,,,,,,,,,,,,,,,,,,,,,,,,,,,
KOR,6.398772113,6.415857298,6.240894485,5.726813608,5.254535393,5.225531685,4.948256251,4.46860555,4.281215938,4.290235295,4.002304289,3.711127841,3.69027269,3.417894838,3.192752669,2.892332986,2.743479663,2.663387808,2.794442004,2.49257722,2.45731752,2.427877741,2.315474377,2.328664618,2.331064888,2.467282737,2.48836867,2.469638856,2.489402769,2.603514106,2.462719203
KWT,3.313990974,4.127006677,5.954296749,6.830511261,6.754863813,6.434108527,7.236209879,5.976255415,8.236618742,8.539829203,48.51726727,117.3498232,31.78602445,12.44021918,13.25923878,13.58158131,10.29264847,8.086475871,8.796559793,7.590223879,7.150148657,7.700626085,7.39919407,6.54392425,5.804460886,4.343025942,3.542645786,3.590326759,3.006072721,3.971806323,3.756148142
LAC,0.828104585,0.897042988,1.196199673,1.726926953,1.565107281,1.518449622,1.671217413,1.684906485,1.429960966,1.957606903,1.621940884,1.371244227,1.214791947,1.2605344,1.388293075,1.530954847,1.467789145,1.280876334,1.324583402,1.231206475,1.186097572,1.227120783,1.166912168,1.074129135,1.04634676,1.106276745,1.071610006,1.141051999,1.187700582,1.37733993,1.349548196
LAO,,,,,,,,,,,,,8.67531237,8.107511278,7.522004062,5.834195587,4.186706844,3.839007037,2.594217254,1.057742579,0.791543217,0.717115235,0.583934898,0.492156926,0.433725286,0.392508609,0.343162745,0.312173796,0.273820907,0.217194753,0.204567129
LBN,12.35714286,9.583333333,9.286451306,13.45562059,10.9687267,6.286976015,5.26383955,1.121846578,1.186578171,,7.551951343,5.154888674,7.983998316,6.011278768,6.997713166,6.711927989,5.661852427,4.305154639,4.023252256,4.770439292,5.392100304,5.447896245,4.753300903,4.675691109,4.514245069,4.478931727,4.576037849,4.632398404,4.001314491,4.020042001,4.126553124
LBR,1.491751492,3.112817484,5.017941891,4.706096672,2.940483206,2.95430518,2.895362663,2.287212171,2.407781951,,,7.183908046,10.13422819,18.98379052,29.72768533,,,,,,,,,,0.634351669,0.856442096,0.476173999,0.311075183,0.497952236,0.651749771,0.816738926
LBY,2.922364358,1.755113763,2.240525777,,,,,,,,,,,,,,,4.078026716,5.297441532,3.783860245,3.146863674,2.413507858,2.06923852,2.072048072,2.071074457,1.52811116,1.120335406,0.946677517,1.489851081,,
LCA,,,,,,,,,,,,,,,,,,,,,,,,,,,,,,,
LCN,1.476857348,1.545538523,1.883719186,2.201330801,1.921398217,1.736242501,1.907933311,1.894539312,1.648221197,2.06424763,1.689707668,1.453600167,1.306394342,1.359057057,1.44437339,1.583248936,1.50309911,1.360832358,1.391639772,1.311195695,1.272256821,1.302478634,1.222861988,1.147037088,1.136981717,1.21301941,1.196566063,1.242136798,1.288931128,1.403055878,1.362867428
LDC,2.660244147,2.675320503,2.740158099,3.271169547,3.219808912,3.033332866,3.246045416,2.679080336,2.899777664,2.946903158,3.567529956,3.462799151,2.912483306,3.708537841,3.450087383,2.335654804,1.990879577,2.092050875,2.267150269,2.935460257,2.331626604,2.172353246,2.052678988,1.941527507,2.154087318,1.951063335,2.121931033,2.191493349,2.36562144,2.467103279,2.08362924
LIC,7.113311768,6.47693068,7.508949584,7.484882907,8.027921232,7.304764231,6.413498254,4.924302721,4.868263869,,5.280754135,5.393497298,5.003105658,4.886198213,5.199813127,3.318711767,2.886041817,2.898488015,3.63280958,4.156375649,3.438441784,3.54957498,3.495932693,3.151963095,3.39000332,2.759121179,2.807892643,2.936264849,3.016072447,3.054718961,2.578763072
LIE,,,,,,,,,,,,,,,,,,,,,,,,,,,,,,,
LKA,0.765779308,0.626798424,0.544740926,0.889137425,0.922430502,3.160769823,2.696658012,3.393146709,2.371183249,1.798595424,2.328487433,3.082087849,3.367639901,3.431785654,3.729338058,5.861132243,5.519783161,4.630602074,4.643464081,4.03016384,5.033872968,4.286990589,3.34258944,2.868911827,2.997358479,2.639533395,2.798773599,3.260608357,3.243601784,3.16189871,2.70074784
LMC,3.386352355,3.324056709,3.368069305,3.504945676,3.434217984,3.562770551,3.813825622,3.738419386,3.507801611,3.234295671,2.96877926,2.856079809,2.7664672,2.895314832,2.670164398,2.521409105,2.333549739,2.314468924,2.300583102,2.701566346,2.588586126,2.617760857,2.552774704,2.418869196,2.415019009,2.386240913,2.225807857,2.148506342,2.178957052,2.459231816,2.333113167
LMY,3.164036314,3.356204775,3.474866985,3.516452962,3.333445606,3.401256842,3.542386455,3.319823266,3.100342658,2.716366418,2.506044389,2.327778953,2.156479049,2.070612678,2.028898904,1.984953106,1.903157564,1.846467327,1.834493523,1.96158072,1.859390242,1.910972965,1.945012042,1.888811872,1.845751674,1.796167339,1.743336748,1.717485556,1.7301985,1.925287357,1.776611524
LSO,3.158536585,3.311510353,4.357736659,4.013056836,3.979143798,4.314099075,4.839987326,4.181313074,3.369755245,4.307714659,3.550475988,2.888846955,2.706453525,2.475472663,2.74112241,3.241889376,2.824673663,2.712177347,2.851928467,3.562451192,3.284926128,2.744178023,2.516392953,2.369000919,2.131662938,2.049259616,2.074224991,2.368154586,1.547920806,2.72268167,3.162519868
LTE,,,,,,,,,,,,,3.257139192,2.823344993,2.711669704,2.428314767,2.318969303,2.333241948,2.173617156,2.255590503,2.284267933,2.371012415,2.38045458,2.278068843,2.18318539,2.123623265,2.083579513,2.028500654,2.025602666,2.205001664,2.079948716
LTU,,,,,,,,,,,,,,0.812260643,0.493377598,0.454372874,0.503980009,0.747111153,1.229254336,0.970102492,1.21669999,1.361943638,1.271288746,1.121228498,1.195943282,1.163454008,1.165184813,1.113607567,1.131608552,1.082803783,0.878659092
LUX,1.041844203,1.093420029,1.077152008,1.088241294,1.042169628,0.867554425,0.833086845,0.915915919,0.951494529,0.78845832,0.788344681,0.811385163,0.827198401,0.707154434,0.741561436,0.595326878,0.587036047,0.61389004,0.639920504,0.571401926,0.544118543,0.68028708,0.586825536,0.607179942,0.611235471,0.584776157,0.520787713,0.501624007,0.364912795,0.371311757,0.441009497
LVA,,,,,,,,,,,,,0.65293533,0.735295406,0.838757227,0.805656844,0.639144683,0.582114909,0.587847986,0.750940828,0.881715012,1.041538764,1.542208276,1.610024275,1.595658217,1.610621927,1.70523464,1.550398796,1.622641376,1.377367841,1.083592529
MAC,,,,,,,,,,,,,,,,,,,,,,,,,,,,,,,
MAF,,,,,,,,,,,,,,,,,,,,,,,,,,,,,,,
MAR,5.940072884,6.384593972,6.220868273,4.50565855,4.01819088,5.390435227,4.304459558,4.369314795,4.128515818,4.392917413,4.148825041,4.142842937,4.298048279,4.655571687,4.493819389,4.347410494,3.949092927,4.192659406,3.456334361,2.900457034,2.210962207,3.726135883,3.491787992,3.494207542,3.249467575,3.257996782,3.109796549,3.046953664,3.183501428,3.288651846,3.390796101
MCO,,,,,,,,,,,,,,,,,,,,,,,,,,,,,,,
MDA,,,,,,,,,,,,,,0.530067158,0.773794067,0.925965937,0.906693656,0.902772521,0.624855228,0.511299143,0.387282499,0.402592317,0.419846587,0.416381264,0.360979037,0.400235101,0.482634476,0.516193542,0.608535617,0.457886649,0.262879175
MDG,2.768918527,2.978453739,,,1.873156342,1.780054933,1.551935381,1.429040137,1.347183426,1.210865332,1.231511045,1.296349058,0.769921868,1.122324017,0.926473487,0.85988797,1.237634442,1.481912359,1.348927492,1.210229217,1.217513909,1.435847602,1.313161574,1.324757325,1.248226672,1.071941549,0.977431205,0.961181513,0.962892093,0.738132953,0.570214687
MDV,,,,,,,,,,,,,,,,,,,,,,,,,,,,,,,
MEA,8.164390672,9.723535687,10.92432739,10.22289667,10.28187938,9.462803181,6.648864479,8.684981086,8.585478077,7.401772732,8.579954106,12.19102636,9.055140766,7.677462242,7.205403404,6.198674741,5.672553797,6.185634547,6.763277195,5.925370538,5.867681087,5.857115858,5.450026143,5.133923964,4.809076311,4.511141572,4.318045737,4.31311413,4.062638854,4.900041995,4.652286907
MEX,0.416107383,0.513301014,0.495419418,0.522866314,0.65981906,0.676313139,0.634622463,0.580341889,0.536145374,0.517255829,0.433081035,0.435402301,0.469454656,0.442785494,0.518830327,0.450891531,0.476484778,0.458095854,0.450450487,0.460988776,0.44604782,0.442657004,0.421606002,0.405916547,0.364898723,0.355958932,0.311171937,0.401163918,0.390513227,0.501556275,0.452734493
MHL,,,,,,,,,,,,,,,,,,,,,,,,,,,,,,,
MIC,3.0095369,3.242620997,3.331834239,3.373776011,3.146633151,3.25150304,3.429755739,3.256189482,3.031978628,2.663387578,2.406058298,2.199176599,2.084555973,1.993522827,1.959269762,1.961243615,1.887532557,1.829972707,1.80592178,1.925290946,1.829298436,1.883662634,1.917101162,1.863961734,1.814743132,1.776503718,1.722856188,1.693900814,1.702688687,1.901100435,1.763744566
MKD,,,,,,,,,,,,,4.352030948,,,,2.813676742,2.128246944,2.098239761,1.713820606,1.85082146,6.100395628,2.645597519,2.341701159,2.380104071,2.029263306,1.836537687,1.950069695,1.742340869,1.688164562,1.382154611
MLI,2.079295607,1.960761961,2.106794957,1.983660086,1.972607414,2.142416326,2.026768941,2.116786114,2.213468102,2.11201131,1.956494183,,,1.563793465,1.438026266,1.497017082,1.428410594,1.496852238,1.404632311,1.492289928,1.478649744,1.295172228,1.268850431,1.419333113,1.421998844,1.384312041,1.39141541,1.355034028,1.465714868,1.418664255,1.374566808
MLT,,,,,,1.276251034,1.269183826,1.456257769,1.221066731,1.108184837,0.914918012,0.871119892,0.973183399,1.001961048,1.024059115,0.842358248,0.874812369,0.824691194,0.731471858,0.683654672,0.625517349,0.666917449,0.635846067,0.630122909,0.670530017,0.819604968,0.653051751,0.617690722,0.616369199,0.679751022,0.650590926
MMR,3.422129555,3.456820355,3.218260665,3.070369107,2.923671101,2.978263587,2.879142102,1.972400943,2.140852275,2.959106733,3.39589051,3.171004593,3.354517933,3.523108562,3.541121128,3.684832379,3.493427864,2.313722377,2.008901211,1.731383358,2.001199222,1.562561491,1.127508161,1.670462275,1.657227031,1.354601165,,,,,
MNA,5.177537707,6.771573406,6.456515387,6.585793386,6.240097443,6.2045323,5.663931749,5.096918718,4.85215528,3.928497642,,3.966398666,4.096270065,3.488201501,3.876476491,3.312130698,3.134993693,3.319294675,3.359627692,3.099166516,2.945884513,3.219579395,3.183991273,3.175122321,3.045040841,2.957762349,2.879534462,2.693317493,2.707007835,3.130204301,2.933076027
MNE,,,,,,,,,,,,,,,,,,,,,,,,,,2.694363326,2.290713163,1.744058487,1.872182462,1.843761273,1.814347747
MNG,,,,,,,,5.833885088,6.341243447,6.251195081,4.281385375,3.231535125,1.9094372,1.712362705,1.654355581,1.620505926,1.776947369,1.638734822,1.906537546,1.835012306,2.022480608,1.781658408,1.795567211,1.509694317,1.382730063,1.017285885,0.961656696,1.053272166,0.823306745,0.629698225,0.762997246
MNP,,,,,,,,,,,,,,,,,,,,,,,,,,,,,,,
MOZ,3.833333333,4.280487805,4.924050633,6.232,7.073170732,5.765765766,5.655737705,6.183206107,5.309033281,5.943491423,5.861297539,2.612032085,2.968445425,2.87088387,3.303501712,1.460482346,1.111681671,1.102741392,1.139211666,1.245869391,1.284457907,1.242171239,1.273635642,1.280942211,1.362421115,0.946231881,0.809467272,0.668953898,0.664921662,0.705422608,0.891902273
MRT,,,,,,5.945895172,5.036762947,4.669586966,4.4897506,3.961136941,3.827926491,3.600512449,2.689066399,2.412423018,2.240861908,2.260154634,2.626341207,2.967260087,1.862440967,2.273637889,2.928005445,4.002384422,2.73938351,3.995275717,3.838120112,3.051555776,2.693647217,,3.059333958,3.13532417,
MUS,0.489249166,0.466745029,0.262260128,0.26913735,0.252089136,0.219641353,0.197969543,0.194038477,0.219642297,0.290016229,0.346095335,0.367421786,0.354424073,0.330254202,0.333145558,0.332825601,0.293390184,0.234078893,0.202814818,0.208135283,0.200718816,0.194580389,0.196270034,0.187102774,0.16621685,0.160674052,0.153856508,0.142725039,0.155952071,0.167777184,0.14868959
MWI,4.293105164,3.111181301,2.286964902,1.816410328,1.559534965,1.751118309,2.095467783,1.828806427,1.511308113,1.497070871,1.308605692,1.075730104,1.402486043,1.262975393,1.421880068,0.790559174,0.883468121,0.991556075,0.813639842,0.811014471,0.672638829,0.738822048,0.423822865,0.40879246,0.631868059,1.045261606,0.777651498,0.757951968,0.835636994,0.949704588,0.718201024
MYS,4.230134314,5.785152657,5.367615334,4.423371756,3.752357008,3.451658707,3.223733832,4.147499538,2.426112374,2.623701691,2.555403465,3.199283621,2.986421736,2.875245363,2.847115281,2.751345107,2.400564375,2.085558651,1.605335348,2.10148156,1.634675548,2.084922812,2.219131397,2.614806731,2.263061968,2.173929041,2.007597401,1.958502533,1.824843765,1.871486944,1.490210106
NAC,4.856213919,5.302370509,6.396092187,5.956574305,5.90203021,6.114219666,6.281246935,6.063363394,5.709176413,5.511573727,5.273806751,4.613112392,4.710748861,4.387711882,4.029602376,3.690770923,3.399119996,3.252372975,3.074372665,2.96433588,2.976918915,2.993881307,3.295956898,3.630302636,3.790559619,3.843081934,3.786916664,3.807321875,4.142038456,4.572429902,4.544025657
NAM,,,,,,,,,,,6.421002689,5.615254952,4.25041876,2.464523758,1.751233873,1.947898631,1.903604024,2.301355143,2.321837245,3.124033069,2.706732799,3.00874088,2.617845379,2.624912883,2.527589681,2.645205301,2.501249398,2.610424557,3.137261574,3.374363684,3.514743975
NCL,,,,,,,,,,,,,,,,,,,,,,,,,,,,,,,
NER,0.671391272,0.631753948,0.633484163,0.685198661,0.727756892,0.743835616,0.769503546,0.635210396,,,,,,,1.232371998,0.970976253,0.861401471,0.932594645,1.06122449,1.166908096,1.164610816,1.320159783,0.963347955,0.931763627,1.091187297,0.715211769,,,0.739446431,0.735262361,0.876503237
NGA,3.29560374,2.77007205,2.267201692,2.219841303,1.556794834,1.436786264,1.311553647,0.769793676,0.884351296,0.579894648,0.833115306,0.773691292,0.564010709,0.933218302,0.781452288,0.483558767,0.406177812,0.435835755,0.548312393,0.85541563,0.543531645,0.780315877,0.954338045,0.570707545,0.490996769,0.397422937,0.348375434,0.370960977,0.489084135,0.505855628,0.539231118
NIC,3.346180419,4.335591113,,,,,,,,,,4.00221576,2.632753235,2.102325581,1.18950041,1.102820307,0.949704913,0.894669832,0.735362192,0.719492825,0.782751441,0.683524521,0.865165582,0.860737429,0.730793275,0.700404064,0.551255993,0.531726215,0.502058377,0.502751001,0.505472679
NLD,2.784298566,2.863119442,3.14147059,2.848584745,2.861724417,2.768218121,2.725119786,2.713467178,2.610909468,2.517403906,2.369019885,2.248531531,2.213002596,2.027829408,1.913060975,1.794240505,1.756607736,1.659273183,1.580648061,1.589825426,1.434004341,1.437906869,1.426556012,1.443809598,1.42682784,1.396485279,1.393389057,1.354716798,1.305319238,1.397633322,1.325433715
NOR,2.619018869,2.623972153,2.744592106,2.794971532,2.544434351,2.796000232,2.808417018,2.978324426,2.893089863,2.910157092,2.886226894,2.747487196,2.964700275,2.687349845,2.733137082,2.30749104,2.163074974,2.016079571,2.156737667,2.039105571,1.705831873,1.70454146,2.080591931,1.974854487,1.848785144,1.575884673,1.444668028,1.459172078,1.370333717,1.596909799,1.507627955
NPL,1.032075714,0.99205332,1.089453982,1.252924973,1.220614369,1.195827162,1.182850684,1.159182012,1.083790602,1.106543145,1.077154406,1.096609649,1.074689768,1.050552554,0.973315396,0.941485115,0.900716315,0.880707846,0.92705546,0.947369575,0.962150318,1.098334384,1.44764998,1.592251101,1.793292398,1.929161376,1.749109863,1.547393889,1.599971653,1.442742389,1.371035137
NRU,,,,,,,,,,,,,,,,,,,,,,,,,,,,,,,
NZL,3.022790536,2.729375067,2.582858416,2.43835931,2.377624155,2.364626121,2.367587022,2.407276689,2.078708161,2.149929658,2.327779747,2.256336694,2.069366229,1.899123846,1.82870806,1.815347846,1.781881485,1.703970844,1.695280175,1.619342018,1.668742107,1.581301424,1.454409845,1.389934115,1.246074766,1.139934367,1.240820549,1.182045321,1.152770496,1.219818006,1.209901056
OED,3.413632598,3.662252103,4.237218299,4.09293054,4.105048926,4.207138835,3.977308228,3.753601803,3.494985256,3.415005981,3.260442239,2.942789939,2.883975575,2.715840706,2.529249633,2.316680498,2.262333154,2.234708711,2.184101215,2.126163777,2.119665873,2.14653753,2.278958406,2.377520211,2.395828867,2.400695571,2.38765026,2.360639463,2.45703148,2.695980492,2.65047086
OMN,14.90988131,15.71342565,16.66602922,17.15936989,16.89304168,15.56146605,15.86657759,13.20231493,13.69979842,12.5,12.39094146,11.06391029,12.1840929,11.5257307,11.7664526,10.96764772,9.40707829,9.357911159,8.216092167,7.516788219,7.085708783,8.195640371,8.100665655,7.962034987,7.860379597,7.714034109,7.099093619,6.717564317,4.960248224,6.072570475,5.648855165
OSS,,,,,,2.751925329,3.187754321,3.727975005,4.297670504,4.226579846,4.625008626,4.711710142,5.240619079,3.26053439,3.256485366,2.903654857,3.379628774,3.73334795,3.45047861,2.899667268,2.483694008,2.535280233,2.388005018,2.302738131,2.089212895,1.965204102,1.890275338,1.82342493,1.797442817,2.077420833,2.016713011
PAK,5.523244467,5.710870576,6.375717087,6.643798059,6.659491457,6.922133598,6.991656011,6.971880084,6.785810731,6.532725256,6.522320235,6.570952788,6.698187549,6.427312623,5.923548293,5.820225283,6.037166305,5.621216489,5.415095044,5.189899265,4.168722714,3.878933945,4.073770168,4.091427187,3.956034117,3.897019393,3.645255204,3.5119861,3.459371004,3.265223993,3.423690973
PAN,,,,,,,,1.840980437,2.110985742,2.084910486,1.256359137,1.228547313,1.083474267,1.198645229,1.192556558,1.11575689,1.085592302,1.170170567,0.951292019,0.974136501,,,,,,,,,,,
PER,4.55906822,3.984819734,5.112651646,4.845956354,3.35755814,3.870149096,3.349295541,3.411496045,2.185200963,2.19047619,2.682378792,2.019815931,2.507035047,2.746102469,2.47419794,2.635324099,2.502026598,1.996769968,2.016661342,1.930630719,1.788966849,1.75202013,1.541840221,1.509499498,1.382223536,1.581272686,1.456214926,1.303938254,1.246694882,1.529625724,1.476972039
PHL,2.709754707,2.755720962,2.59728795,2.409253354,1.634758933,1.982573359,1.988053613,1.965247142,2.458889214,2.242923397,2.147246667,2.010721068,2.03646157,2.15753564,2.172446587,2.294131535,2.268407676,1.914461376,1.69729338,1.615775846,1.608226621,1.471378833,1.473890188,1.550844829,1.36062651,1.277883936,1.259095392,1.291425916,1.250329088,1.202323394,1.170132201
PLW,,,,,,,,,,,,,,,,,,,,,,,,,,,,,,,
PNG,1.403083226,1.409638554,,,,1.558878335,1.56493311,1.610783206,1.266286003,1.4965361,1.419133733,0.924685894,0.890351343,0.917458234,1.013205299,0.775516093,1.017311366,1.075353754,0.879220321,0.691394522,0.639107654,0.547294852,0.371637931,0.345763181,0.389122471,0.416637769,0.376920047,0.4116026,0.337014471,0.447943023,0.325144509
POL,2.652329749,2.913185616,3.245582402,2.902946274,3.055037313,3.015797032,2.941403536,2.762691854,2.592055081,1.81712151,2.612485744,2.251650225,2.230999443,2.469187315,2.273232103,1.955507055,1.967919401,2.031306697,2.019081314,1.901135771,1.830336585,1.905638001,1.900638649,1.908042037,1.873241006,1.92612987,1.92075038,2.002032828,1.752139711,1.797416228,1.847852155
PRE,3.549497774,3.801690603,2.401166852,2.559412976,2.252370314,2.11215179,2.26977853,1.794087732,,,,2.29434635,1.49772874,2.434224595,1.505177678,1.008796324,0.815558328,0.887208265,0.953085585,2.100459499,1.533192776,1.573744264,1.544278827,1.330955458,1.524984488,1.386944799,1.390171847,1.49970131,1.728560801,1.887826176,1.565404656
PRI,,,,,,,,,,,,,,,,,,,,,,,,,,,,,,,
PRK,,,,,,,,,,,,,,,,,,,,,,,,,,,,,,,
PRT,2.026724911,2.002673839,2.035133541,1.90927674,1.861323407,1.843543376,1.915825453,1.859302078,1.885426466,1.887502644,1.840828125,1.829954782,1.8052441,1.786507066,1.681212758,1.706989856,1.601643929,1.541156921,1.422612288,1.425842485,1.406467963,1.444503172,1.464020232,1.432693408,1.504873987,1.593791803,1.512085233,1.377908102,1.415946746,1.534063766,1.488218032
PRY,2.181449221,2.527860183,3.803297575,3.645241799,3.508185177,3.757634843,3.804065638,2.773192333,3.195473445,2.425763756,2.131875856,2.829327005,2.368889977,2.178547665,2.046766371,2.283424569,2.063789937,1.685680307,1.543153715,1.388767852,1.244939454,1.074634817,0.971236933,0.825755372,0.877630064,0.7214804,0.793455135,0.741436848,0.683124275,0.753483712,0.750544859
PSE,,,,,,,,,,,,,,,,,,,,,,,,,,,,,,,
PSS,,,,,,,,,,,,,,,,,,,,,,,,,,,,,,,
PST,3.438299668,3.707749055,4.278112832,4.121379071,4.144479588,4.257765795,3.995477978,3.75857205,3.500127804,3.438692271,3.282443568,2.944596469,2.894808666,2.736995694,2.55390066,2.325373822,2.263578613,2.250834234,2.203375761,2.141411259,2.141741932,2.176963715,2.317061141,2.416607684,2.440775659,2.454648413,2.446685302,2.415431701,2.515358267,2.751928196,2.713063149
PYF,,,,,,,,,,,,,,,,,,,,,,,,,,,,,,,
QAT,7.868680878,12.21680182,19.27738675,13.95848337,12.73392514,24.84641486,,15.88953342,16.27235088,13.07757453,10.74387877,13.01125479,,,,,,,,,,,3.929969922,3.33399484,2.433859686,1.993016269,1.750507649,1.9598416,2.010500927,1.992213177,1.473909083
ROU,2.204542655,2.201223579,2.0402159,1.98508713,1.906727218,4.299280843,4.445711165,3.914028622,4.205470612,4.797296115,4.547415049,4.773334664,4.247682517,2.740608015,3.114728408,2.613447685,2.369072926,3.017649962,3.004174864,2.640259267,2.498914184,2.420745188,2.287296075,2.088487134,2.007657561,2.006993609,1.84512546,1.49361826,1.399984366,1.278069612,1.226976607
RUS,,,,,,,,,,,,,4.427032321,4.181324647,4.523700655,3.784429967,3.756558821,4.039809297,2.732649089,3.073287922,3.307029837,3.546319229,3.756277391,3.67083809,3.300353647,3.331237234,3.246357234,3.118542075,3.14948602,3.924063403,3.58508572
RWA,1.876851852,2.039151713,2.003055768,1.895144265,1.604022627,1.588370754,1.795534665,1.675233645,1.594260662,1.753758806,3.729165984,5.509172203,4.290602124,4.536375401,3.43787696,0.607802875,5.328556116,4.173525613,4.377647282,4.448105437,3.535502959,3.396226415,3.048933501,2.447129909,1.973466003,1.743055556,1.643910431,1.365678347,1.306497175,1.326902399,1.216792682
SAS,3.140670207,3.221144798,3.469738477,3.475516336,3.55683487,3.703985994,4.136837758,4.237927341,3.817205781,3.627928605,3.29523249,3.213028701,3.106699947,3.194364855,2.985481394,2.985267933,2.890323191,2.931261386,2.963175064,3.086747656,3.041499482,2.947046132,2.86302712,2.745834815,2.854057922,2.899707496,2.700304636,2.536301063,2.645105909,2.998106386,2.821230902
SAU,12.61335924,13.26523888,17.7202464,16.97292732,19.00434836,16.99520087,,16.89641419,15.15188188,13.39031658,14.02429265,12.46980799,11.28415798,12.46537228,10.64478167,9.27846839,8.468077759,11.00093542,14.31103745,11.38193602,10.53440331,11.41900489,9.758063801,8.687118465,8.081555659,7.730598875,7.848365211,8.527049978,7.353436468,9.617199992,8.565677294
SDN,2.302704668,1.781806815,2.44047619,3.268685988,4.084519494,3.399698124,3.227247902,2.552713115,3.551965121,,4.813324736,4.992301346,4.389363518,4.921118423,3.897835065,1.667984222,1.269314093,0.954304907,2.379660739,4.009786095,4.791420882,2.944044911,3.273800351,2.256184394,5.782620161,3.311281459,3.640512194,4.083230603,4.978921778,5.453918758,
SEN,2.75527027,2.734414832,2.349510763,2.545884579,2.407952623,2.192862509,2.040041351,1.981188119,2.111784512,2.027696235,1.633468986,1.547055567,1.443999933,1.668304044,1.347619738,1.310099111,1.243917937,1.19691223,1.179141855,1.202126805,1.048360277,1.115667493,1.101240436,1.115442778,1.05782487,1.130464529,1.27105687,1.379591734,1.291966869,1.335875876,1.215309331
SGP,4.636861356,4.741355163,4.651190175,4.071468568,4.698815405,5.656612915,5.442511559,4.870611505,4.547865263,4.492898256,4.632144473,4.448356673,4.471368646,4.091764934,3.791435128,4.178797884,4.253314039,4.450036477,5.211052961,5.207353988,4.518886294,4.826249999,4.924986287,4.869647648,4.416805051,4.275043131,3.922911194,3.602552791,3.850026794,3.882423347,3.38139844
SLB,,,,,,,,,,,,,,,,,,,,,,,,,,,,,,,
SLE,1.445261791,1.416189444,1.090682456,1.028729812,0.912254992,0.733104238,1.474391481,0.694642221,0.8541029,1.542900151,1.306646669,2.036457092,2.686910691,2.080121071,1.99116887,1.969291627,1.35295037,0.764916648,1.024702229,1.740340045,2.512155618,2.742527343,2.164617616,2.053952988,1.584946609,1.426813932,1.486395848,1.346993361,0.943706279,1.076033226,0.972150455
SLV,1.736336488,2.279546416,2.776336531,3.551449894,6.443282437,6.589716115,4.329956718,4.469163951,4.271323885,4.87234585,3.413665987,2.732577455,2.253576782,1.67872879,1.352221179,1.175058328,1.074409153,1.007766206,0.922942908,0.92054924,0.840331038,1.090670039,1.13023873,0.841381285,0.810214431,0.904204654,0.888131106,0.973444825,0.961811831,1.078878211,1.089553727
SMR,,,,,,,,,,,,,,,,,,,,,,,,,,,,,,,
SOM,0.549735206,0.607709751,0.288266621,0.239324529,0.143127627,0.050709707,28.94824154,16.95621133,17.4357168,1.529992136,,,,,,,,,,,,,,,,,,,,,
SRB,,,,,,,,,,,,,,,,,3.511285895,3.786504467,3.511897979,4.005947435,5.15394319,4.027571198,4.209954106,3.447908471,2.973161564,2.273943574,2.170621199,2.25051717,2.129798112,2.157276458,2.085965342
SSA,3.183977783,3.061682165,2.904225752,3.095569241,2.956214344,2.784522802,2.991995648,2.95294141,3.289119907,3.23273095,3.196320464,2.831913853,2.253818781,2.475180777,2.028704088,1.523306368,1.210270626,1.213366525,1.220376626,1.898355773,1.654303094,1.644501962,1.674958865,1.450791658,1.488272084,1.302581687,1.282326604,1.281819725,1.448105428,1.514772581,1.243046926
SSD,,,,,,,,,,,,,,,,,,,,,,,,,,,,,5.761289033,4.968462633,4.140632543
SSF,3.183977783,3.061682165,2.904225752,3.095569241,2.956214344,2.785643963,2.993541373,2.954504496,3.290200683,3.234041785,3.197307596,2.833674431,2.257293544,2.4755873,2.02930395,1.524234427,1.211202636,1.214263433,1.221022452,1.898146272,1.654344943,1.644742181,1.674963324,1.451183127,1.48881045,1.302948377,1.282478418,1.282008664,1.447871049,1.514412892,1.242677405
SST,,,,,,,,,,,,,,,,2.771512078,3.187507294,,,,,,,,,,1.83674193,1.799149458,1.762631158,2.025111192,1.959773898
STP,,,,,,,,,,,,,,,,,,,,,,,,,,,,,,,
SUR,,,,,,,,,,,,,,,,,,,,,,,,,,,,,,,
SVK,,,,,,,,,,,,,,1.996360321,1.939519014,3.154558108,2.973828668,2.283116245,1.744336533,1.57382655,1.655312382,1.84316099,1.77602684,1.841111076,1.652006017,1.679090524,1.593998023,1.478388924,1.459385052,1.516486667,1.249182959
SVN,,,,,,,,,,,,,2.247233332,1.81730135,1.654074662,1.573034776,1.536362812,1.401368318,1.361182469,1.211302468,1.093166275,1.300482474,1.387618576,1.403798337,1.430651945,1.420197162,1.542182213,1.442914542,1.492919141,1.586156825,1.603125212
SWE,2.923451596,2.948237147,2.853754784,2.737822618,2.671961323,2.6730084,2.586568256,2.653290515,2.585286749,2.508833922,2.568980315,2.45430639,2.444193072,2.386834348,2.279938524,2.158968817,2.140907755,1.953276924,1.872623788,1.890885073,1.83267305,1.712747373,1.64115454,1.596789969,1.44128336,1.406987515,1.318205523,1.299981508,1.163747237,1.159804344,1.187128541
SWZ,2.423538888,2.166101018,2.199561002,2.255866115,2.030801751,1.841121495,1.634512326,1.42929208,1.260090256,1.252872306,1.275974578,1.384516594,1.632711543,1.748046765,1.81808982,1.693339262,1.652577731,1.49483917,1.647208951,1.684505913,1.435205791,1.290036453,1.303786516,1.470954079,1.541330909,1.902886579,1.809932745,1.644390588,2.006123255,2.098700568,2.37429406
SXM,,,,,,,,,,,,,,,,,,,,,,,,,,,,,,,
SYC,,,,,,4.290812516,4.674418605,4.541872627,4.280384842,4.27683189,4.026231508,4.424018989,4.727387331,2.759613407,2.443685452,2.281180263,2.09574851,2.024810037,1.732915588,1.782925442,1.679332821,1.778265522,1.677375471,1.734316375,1.897640227,1.602352351,1.413430023,1.468283589,1.150193197,1.020878336,0.737915363
SYR,17.24985372,14.54611794,15.5593999,14.63890519,17.68601842,16.55512166,14.44968129,11.21820972,7.853929383,7.972540834,6.868086819,10.42578732,8.990662756,7.238099842,7.36414273,6.949691317,6.041916055,5.882755318,5.808381112,5.810580496,5.453656421,5.480550468,5.412501223,6.248324272,5.541838676,5.026419904,4.394446823,4.100543653,3.552339806,4.027707759,4.056141736
TCA,,,,,,,,,,,,,,,,,,,,,,,,,,,,,,,
TCD,,,,4.72887768,4.357569721,3.663003663,4.570037858,2.945381756,5.253623188,3.935286401,1.975073933,,1.877133106,2.679217958,1.877575943,1.385617293,1.544636342,1.075865129,0.92295735,1.365223833,1.362045003,1.354021656,1.524474838,1.322522729,1.011624973,0.83197797,2.995626539,4.485948758,5.885152264,7.955661722,5.764932877
TEA,,,,,,,,,,2.374644405,2.345328673,2.277741582,2.328025858,1.989984971,1.879675311,1.819064474,1.756555946,1.718691494,1.630159806,1.74900045,1.674127185,1.79854996,1.853818317,1.843730556,1.776945742,1.701642709,1.684282073,1.628809398,1.60042283,1.755375309,1.596624195
TEC,3.900313297,3.82453187,4.298151312,3.937605205,3.672848474,3.589230401,3.691610485,,,,,,3.685868097,3.536732203,3.802123641,3.321106841,3.315350046,3.499947942,2.731141872,2.942451095,2.897794639,2.904840384,3.045115748,2.886491903,2.61097878,2.583579642,2.564130889,2.504957196,2.472356879,2.771747087,2.621076708
TGO,2.194630872,2.37248062,2.259176863,2.096979866,2.185149777,2.507983442,2.845058856,3.50349087,3.124908692,3.094068582,3.122485876,2.85935085,2.931228861,4.030655691,2.58431085,1.857525634,,,,,,,,1.365699839,1.406048096,1.457440202,,,1.722186244,1.638012563,1.658857988
THA,4.244454944,4.063162519,4.120369215,3.953358835,4.064438754,4.189115002,3.795328216,3.361386558,2.93350109,2.684667123,2.594250189,2.645024814,2.657422878,2.524824499,2.502383353,2.273782373,2.151525081,2.173922505,1.856368281,1.623797633,1.48823095,1.433787439,1.349949251,1.242127969,1.079806927,1.048229469,1.101161613,1.339697452,1.53268866,1.703755302,1.454808329
TJK,,,,,,,,,,,,,0.000365714,0.003476857,0.001719802,1.098613251,1.289141005,1.695094937,1.713031604,1.39204461,0.598174533,0.580783882,1.048836933,1.118791495,1.131336328,,,,1.02218714,0.954768509,0.952855125
TKM,,,,,,,,,,,,,,,1.797647059,2.315846154,2.041744359,3.962270214,3.11402735,2.901874751,,,,,,,,,,,
TLA,1.476857348,1.545538523,1.883719186,2.201330801,1.921398217,1.736242501,1.907933311,1.894539312,1.648221197,2.06424763,1.689707668,1.453600167,1.306394342,1.359057057,1.44437339,1.583248936,1.50309911,1.360832358,1.391639772,1.311195695,1.272256821,1.302478634,1.222861988,1.147037088,1.136981717,1.21301941,1.196566063,1.242136798,1.288931128,1.375276998,1.340007544
TLS,,,,,,,,,,,,,,,,,,,,,,,,,,1.780229288,3.769281622,4.372697126,3.647031611,5.018709589,2.992628714
TMN,5.177537707,6.771573406,6.456515387,6.585793386,6.240097443,6.2045323,5.663931749,5.096918718,4.85215528,3.928497642,,3.966398666,4.096270065,3.488201501,3.876476491,3.312130698,3.134993693,3.319294675,3.359627692,3.099166516,2.945884513,3.219579395,3.183991273,3.175122321,3.045040841,2.957762349,2.879534462,2.693317493,2.707007835,3.130204301,2.933076027
TON,,,,,,,,,,,,,,,,,,,,,,,,,,,,,,,
TSA,3.140670207,3.221144798,3.469738477,3.475516336,3.55683487,3.703985994,4.136837758,4.237927341,3.817205781,3.627928605,3.29523249,3.213028701,3.106699947,3.194364855,2.985481394,2.985267933,2.890323191,2.931261386,2.963175064,3.086747656,3.041499482,2.947046132,2.86302712,2.745834815,2.854057922,2.899707496,2.700304636,2.536301063,2.645105909,2.998106386,2.821230902
TSS,3.183977783,3.061682165,2.904225752,3.095569241,2.956214344,2.785643963,2.993541373,2.954504496,3.290200683,3.234041785,3.197307596,2.833674431,2.257293544,2.4755873,2.02930395,1.524234427,1.211202636,1.214263433,1.221022452,1.898146272,1.654344943,1.644742181,1.674963324,1.451183127,1.48881045,1.302948377,1.282478418,1.282008664,1.447871049,1.514412892,1.242677405
TTO,0.592171641,0.513444458,,,,,,,,,,,,0.49477359,0.489219432,,,,,,,0.155634799,0.213074266,0.294294112,0.563326874,0.604538,0.621275874,0.568668582,0.493375226,0.709658644,0.635217367
TUN,2.028719344,2.481077793,3.691903569,4.167258349,2.75534146,2.335573427,2.086676103,1.823184593,2.103475852,2.114550391,1.839456589,1.833708528,1.706125878,1.732113955,1.742123212,1.744707586,1.867535229,1.726384544,1.677971515,1.556075757,1.547904033,1.521112473,1.492642926,1.483885704,1.425902063,1.451601416,1.446362424,1.260993856,1.290624926,1.294949609,1.236170521
TUR,3.900313297,3.82453187,4.298151312,3.937605205,3.597093815,3.531043159,3.637992483,3.32858525,2.932208636,3.148726521,3.527705694,3.754364248,3.8705665,3.921417254,4.051359337,3.901649735,4.139696943,4.103672231,3.184500909,3.889017374,3.66109467,3.603457075,3.795926881,3.296047173,2.697983717,2.409370506,2.35952228,2.217929321,2.199273923,2.489311742,2.271714219
TUV,,,,,,,,,,,,,,,,,,,,,,,,,,,,,,,
TZA,4.520632509,5.584293919,5.497602015,5.414319489,5.247564175,5.387076364,5.744620631,3.151878987,2.447544162,2.382635479,2.04648408,2.181778011,2.106039259,1.379278371,1.294114065,1.627214037,1.555350299,1.54354454,1.601971547,1.48766266,1.487264012,1.451604644,1.302598457,1.074306968,0.994614573,0.8239413,0.792124011,0.762064569,0.69827899,0.757193066,0.896024084
UGA,2.217225096,1.888036275,1.97598463,2.218538462,2.626699029,2.661729141,2.905917938,2.586000295,2.459881965,2.729977858,2.968526221,2.507998476,1.659177721,1.931366756,2.015782348,2.101510533,2.210910902,2.11670724,2.442355813,2.655734032,1.764607708,1.683245146,1.634674737,1.691687846,1.76615583,1.684322688,1.503426017,1.39447189,1.347344972,1.432317233,2.460093877
UKR,,,,,,,,,,,,,0.318087308,0.352352877,1.798340267,2.035957432,2.190786309,2.79497911,2.105981713,1.900756188,2.151049237,1.886871078,1.984684246,2.124209046,1.9670586,2.405748995,2.387745638,2.472527403,2.302741144,1.908981904,1.902361022
UMC,2.790382245,3.188879614,3.305910709,3.295523267,2.99007483,3.065355224,3.198368376,,,2.459381061,2.208597215,1.977235801,1.870916951,1.747361498,1.763779658,1.806337829,1.760707386,1.694217456,1.66790593,1.715315236,1.630241491,1.689365203,1.741021426,1.700921677,1.644304727,1.609380176,1.586746221,1.572471569,1.586284021,1.759218271,1.620862277
URY,4.696108629,6.255461279,6.449306894,5.381984036,4.575645756,4.304220644,4.12128018,3.039422209,3.156646909,3.529126741,3.527401664,2.394712193,2.849514812,2.792398452,2.57770557,2.714636675,2.80593839,2.399720747,2.258133682,2.394460971,2.435977288,2.502577662,2.53014006,2.237545322,2.040728013,2.000385866,2.006178078,1.777167088,1.869524688,1.82261338,1.875807858
USA,5.153537467,5.646541256,6.814057094,6.32114426,6.23641653,6.453219205,6.626522658,6.420274023,6.071277702,5.871206008,5.605175294,4.883429398,4.970466808,4.604350295,4.215264675,3.860245792,3.554982206,3.405562244,3.201558499,3.085676783,3.112242147,3.123809803,3.447618099,3.827161045,4.016312736,4.089231875,4.041342302,4.073350515,4.446595522,4.875768359,4.904023332
UZB,,,,,,,,,,,,,,,1.527482351,1.108028667,1.234185876,1.402495828,,1.637649977,1.151779873,0.834770798,0.597792823,0.538921304,,,,,,,
VCT,,,,,,,,,,,,,,,,,,,,,,,,,,,,,,,
VEN,1.695515342,1.521685775,2.248772616,2.970740103,2.292051756,1.369618956,1.649970536,1.63369834,1.816105083,2.793596941,1.518036556,1.840335277,1.64347885,2.145253855,1.590746925,1.54906216,1.039483384,1.795285052,1.588555205,1.437199004,1.526570129,1.555107911,1.153373596,1.182690627,1.288301812,1.831713749,1.978492217,1.888993106,1.793552852,1.231070415,1.013488628
VGB,,,,,,,,,,,,,,,,,,,,,,,,,,,,,,,
VIR,,,,,,,,,,,,,,,,,,,,,,,,,,,,,,,
VNM,,,,,,,,3.953767787,7.101610416,7.286512654,7.91085687,5.595317246,3.374588355,2.258694691,2.649355305,,,,,,,,,2.128641129,2.01437984,1.780960852,1.938364584,2.304757337,2.156372927,2.26520867,2.305049337
VUT,,,,,,,,,,,,,,,,,,,,,,,,,,,,,,,
WLD,3.61085458,3.891608391,4.436958741,4.256156881,4.248463555,4.308803978,3.979238078,3.831322919,3.576383145,3.446377305,3.321349279,3.038805273,2.950635803,2.78252153,2.601024288,2.373105504,2.300163378,2.303170897,2.251409578,2.208456846,2.196364117,2.232223974,2.335184532,2.394653334,2.394542696,2.386276964,2.357721178,2.319802864,2.37892688,2.609286179,2.51208737
WSM,,,,,,,,,,,,,,,,,,,,,,,,,,,,,,,
XKX,,,,,,,,,,,,,,,,,,,,,,,,,,,,,0.016302794,0.481597271,0.722607027
YEM,,,,,,,,,,,6.551183444,7.011218859,7.277043191,7.063920416,8.398759041,6.350578483,5.281345941,5.805752597,6.081568704,5.172722436,4.915392365,5.481014692,6.89560795,6.854552052,5.301366496,4.868317012,4.308466835,4.850723487,4.445829498,5.653648497,4.685557034
ZAF,3.304633661,3.638129163,3.614093296,3.604648205,3.695606959,3.69833383,3.820576325,4.192170492,4.623759023,4.351924697,3.894626246,3.222633894,2.817650615,2.495523698,2.561965901,2.117864047,1.755878798,1.582133557,1.383166723,1.272052931,1.387289131,1.483161018,1.529309559,1.468811238,1.355728578,1.234811253,1.153872006,1.058839241,1.039513319,1.089504709,1.003481069
ZMB,,,,,3.00141959,2.361458731,3.664122137,3.220685192,2.388344081,4.195269403,3.410825089,2.337445885,2.705049763,1.429398243,1.719245386,1.451688414,1.051809553,1.007661038,,1.64831846,,,,,1.580899604,1.848322944,1.74394545,2.063706992,2.080087877,1.731635347,1.382592765
ZWE,6.629085628,4.864318346,5.122545288,5.560850582,5.677649911,5.48666915,5.503819863,5.823888922,5.208706557,4.931030737,4.103903785,3.979365079,3.802771718,3.300303871,3.114712904,3.181653153,2.882771573,2.998266898,,2.2380831,3.053791887,2.54980434,6.30647415,2.034677251,2.705758056,1.452575724,1.986242476,,,,0.816251453