"Year","country","military_spending_to_GDP"
2004,"AFG",2.431253787
2005,"AFG",1.992065699
2006,"AFG",1.896233996
2007,"AFG",2.566267352
2008,"AFG",2.335545702
2009,"AFG",2.087412553
2010,"AFG",1.945835694
1980,"ALB",6.052021633
1981,"ALB",5.848317053
1982,"ALB",5.651595745
1983,"ALB",5.44128199
1984,"ALB",6.117504543
1985,"ALB",5.651426199
1986,"ALB",5.626186504
1987,"ALB",5.862228923
1988,"ALB",5.617316628
1989,"ALB",5.167612724
1990,"ALB",5.88830072
1991,"ALB",5.791270422
1992,"ALB",4.670887824
1993,"ALB",3.199451067
1994,"ALB",2.54781906
1995,"ALB",2.053587359
1996,"ALB",1.379029627
1997,"ALB",1.28308078
1998,"ALB",1.238242561
1999,"ALB",1.249210099
2000,"ALB",1.246360242
2001,"ALB",1.309291375
2002,"ALB",1.320034494
2003,"ALB",1.336842924
2004,"ALB",1.381157942
2005,"ALB",1.350004971
2006,"ALB",1.567769089
2007,"ALB",1.820765344
2008,"ALB",1.984868857
2009,"ALB",1.51721714
2010,"ALB",1.558591893
1980,"ARG",3.098958333
1981,"ARG",3.465346535
1982,"ARG",2.704557935
1983,"ARG",2.738812785
1984,"ARG",2.162039144
1985,"ARG",2.299717248
1986,"ARG",2.313678749
1987,"ARG",2.28438688
1988,"ARG",2.124939223
1989,"ARG",1.880365592
1990,"ARG",1.450909212
1991,"ARG",1.506926555
1992,"ARG",1.421222233
1993,"ARG",1.422802901
1994,"ARG",1.457038533
1995,"ARG",1.473073107
1996,"ARG",1.241227264
1997,"ARG",1.140139111
1998,"ARG",1.136318022
1999,"ARG",1.220359548
2000,"ARG",1.148822677
2001,"ARG",1.184233542
2002,"ARG",1.091880479
2003,"ARG",1.060895057
2004,"ARG",0.883295359
2005,"ARG",0.847154784
2006,"ARG",0.788233877
2007,"ARG",0.792548175
2008,"ARG",0.762756475
2009,"ARG",0.886508577
2010,"ARG",0.814878105
1992,"ARM",2.203389831
1993,"ARM",2.296644333
1995,"ARM",4.059311908
1996,"ARM",3.281867004
1997,"ARM",3.90939856
1998,"ARM",3.528096003
1999,"ARM",3.697374231
2000,"ARM",3.560024873
2001,"ARM",3.127249385
2002,"ARM",2.697714749
2003,"ARM",2.728372214
2004,"ARM",2.741996705
2005,"ARM",2.871931363
2006,"ARM",2.947613156
2007,"ARM",3.042574701
2008,"ARM",3.395579363
2009,"ARM",4.157049908
2010,"ARM",4.265646056
1980,"AUS",2.248956904
1981,"AUS",2.296601945
1982,"AUS",2.393265216
1983,"AUS",2.519811819
1984,"AUS",2.505233651
1985,"AUS",2.523268379
1986,"AUS",2.540429752
1987,"AUS",2.372988832
1988,"AUS",2.161814883
1989,"AUS",2.051827509
1990,"AUS",2.07590586
1991,"AUS",2.168042858
1992,"AUS",2.16874608
1993,"AUS",2.178029886
1994,"AUS",2.116598589
1995,"AUS",2.021312568
1996,"AUS",1.930440067
1997,"AUS",1.867334395
1998,"AUS",1.871121813
1999,"AUS",1.889235741
2000,"AUS",1.829841913
2001,"AUS",1.870093879
2002,"AUS",1.873964621
2003,"AUS",1.846289689
2004,"AUS",1.827410769
2005,"AUS",1.80249268
2006,"AUS",1.822330926
2007,"AUS",1.812273234
2008,"AUS",1.796688089
2009,"AUS",1.923938334
2010,"AUS",1.852928258
1992,"AZE",2.400225621
1993,"AZE",5.000467786
1994,"AZE",1.94658459
1995,"AZE",2.736901303
1996,"AZE",2.254230341
1997,"AZE",2.324049799
1998,"AZE",2.412355913
1999,"AZE",2.625109931
2000,"AZE",2.267862063
2001,"AZE",2.312062608
2002,"AZE",2.24331377
2003,"AZE",2.426362555
2004,"AZE",2.629481138
2005,"AZE",2.299069675
2006,"AZE",3.417759333
2007,"AZE",2.864194919
2008,"AZE",3.291211146
2009,"AZE",3.325421682
2010,"AZE",2.791004357
1980,"BEL",3.250195386
1981,"BEL",3.366049436
1982,"BEL",3.269944591
1983,"BEL",3.19141317
1984,"BEL",3.007902449
1985,"BEL",2.931233854
1986,"BEL",2.953772624
1987,"BEL",2.901794793
1988,"BEL",2.628748416
1989,"BEL",2.460854324
1990,"BEL",2.355440459
1991,"BEL",2.287692847
1992,"BEL",1.83233253
1993,"BEL",1.735965893
1994,"BEL",1.67714315
1995,"BEL",1.565752151
1996,"BEL",1.540102651
1997,"BEL",1.476975796
1998,"BEL",1.463919265
1999,"BEL",1.385835559
2000,"BEL",1.341210276
2001,"BEL",1.276504166
2002,"BEL",1.215712208
2003,"BEL",1.214988156
2004,"BEL",1.149272139
2005,"BEL",1.096641182
2006,"BEL",1.056123069
2007,"BEL",1.098018764
2008,"BEL",1.221914517
2009,"BEL",1.167768437
2010,"BEL",1.090488217
1980,"BEN",2.031651419
1981,"BEN",1.551371319
1982,"BEN",1.04929865
1983,"BEN",1.188970677
1984,"BEN",1.45869894
1985,"BEN",1.304931932
1986,"BEN",1.35509654
1987,"BEN",1.5695985
1988,"BEN",1.564091205
1989,"BEN",1.307896061
1990,"BEN",1.225157121
1999,"BEN",0.48538923
2000,"BEN",0.412852302
2001,"BEN",0.357971127
2002,"BEN",0.622819458
2003,"BEN",0.647223227
2004,"BEN",0.67614985
2005,"BEN",0.680970685
2006,"BEN",0.665723324
2008,"BEN",0.66395898
1992,"BLR",1.622498648
1993,"BLR",2.790971461
1994,"BLR",3.621608255
1995,"BLR",1.699463769
1996,"BLR",1.26069256
1997,"BLR",1.768966551
1998,"BLR",1.495098702
1999,"BLR",1.366760738
2000,"BLR",1.346984151
2001,"BLR",1.438290747
2002,"BLR",1.400245801
2003,"BLR",1.2990639
2004,"BLR",1.358222314
2005,"BLR",1.498453135
2006,"BLR",1.709412492
2007,"BLR",1.649765914
2008,"BLR",1.453492852
2009,"BLR",1.372576981
2010,"BLR",1.341383433
1981,"BLZ",1.158969928
1982,"BLZ",1.437587169
1983,"BLZ",1.534381036
1984,"BLZ",1.543918919
1985,"BLZ",1.559825996
1989,"BLZ",1.199332232
1990,"BLZ",0.867929439
1991,"BLZ",0.79021233
1992,"BLZ",0.763108824
1993,"BLZ",0.816419366
1994,"BLZ",1.023677279
1995,"BLZ",0.98365003
1996,"BLZ",0.93555276
1997,"BLZ",1.082512145
2000,"BLZ",0.637640601
2001,"BLZ",0.640861919
2002,"BLZ",0.635154453
2003,"BLZ",0.658829265
2004,"BLZ",0.682599472
2005,"BLZ",0.732853762
2006,"BLZ",0.776926086
2007,"BLZ",0.811211022
2008,"BLZ",1.082517387
2009,"BLZ",1.027406026
2010,"BLZ",0.882120948
1980,"BOL",3.172399893
1981,"BOL",3.902203322
1982,"BOL",1.9818473
1983,"BOL",1.499320703
1984,"BOL",2.170841736
1985,"BOL",2.013992525
1986,"BOL",2.345549228
1987,"BOL",2.377263176
1988,"BOL",2.02098132
1989,"BOL",2.1562887
1990,"BOL",2.815883319
1991,"BOL",2.688324857
1992,"BOL",2.506118833
1993,"BOL",1.91634981
1994,"BOL",2.250301234
1995,"BOL",2.096162258
1996,"BOL",1.986807543
1997,"BOL",2.273610301
1998,"BOL",2.69111086
1999,"BOL",2.133287095
2000,"BOL",2.062971513
2001,"BOL",2.320446744
2002,"BOL",1.990333715
2003,"BOL",2.145483398
2004,"BOL",1.896503305
2005,"BOL",1.717004423
2006,"BOL",1.466226984
2007,"BOL",1.489047584
2008,"BOL",1.961776603
2009,"BOL",1.761360756
2010,"BOL",1.707905055
1980,"BRA",1.138434421
1981,"BRA",1.143148768
1982,"BRA",1.303534361
1983,"BRA",1.254580323
1984,"BRA",1.199541045
1985,"BRA",1.429523122
1986,"BRA",1.220388728
1987,"BRA",1.743994031
1988,"BRA",2.118072205
1989,"BRA",2.68625
1990,"BRA",2.363841025
1991,"BRA",1.963333333
1992,"BRA",1.521528861
1993,"BRA",1.927922815
1994,"BRA",2.016007789
1995,"BRA",1.86213698
1996,"BRA",1.6548435
1997,"BRA",1.577688316
1998,"BRA",1.66229192
1999,"BRA",1.645474667
2000,"BRA",1.730726147
2001,"BRA",1.951882445
2002,"BRA",1.895771199
2003,"BRA",1.503477636
2004,"BRA",1.461268409
2005,"BRA",1.524013393
2006,"BRA",1.481084895
2007,"BRA",1.4662921
2008,"BRA",1.441924093
2009,"BRA",1.538625697
2010,"BRA",1.539406981
1980,"CAN",1.764448615
1981,"CAN",1.709915638
1982,"CAN",1.954343585
1983,"CAN",2.081196249
1984,"CAN",2.117188855
1985,"CAN",2.097376234
1986,"CAN",2.109197118
1987,"CAN",2.062576371
1988,"CAN",1.986767119
1989,"CAN",1.934614309
1990,"CAN",1.958793742
1991,"CAN",1.895444339
1992,"CAN",1.8616877
1993,"CAN",1.821753504
1994,"CAN",1.696680257
1995,"CAN",1.554090071
1996,"CAN",1.403752581
1997,"CAN",1.246243202
1998,"CAN",1.256293902
1999,"CAN",1.241703064
2000,"CAN",1.114349802
2001,"CAN",1.133356283
2002,"CAN",1.116869147
2003,"CAN",1.111937307
2004,"CAN",1.104189391
2005,"CAN",1.107105424
2006,"CAN",1.122524729
2007,"CAN",1.18579023
2008,"CAN",1.245518367
2009,"CAN",1.377555631
2010,"CAN",1.194338338
1980,"CHL",6.48209287
1981,"CHL",7.022118889
1982,"CHL",8.877267738
1983,"CHL",7.575222602
1984,"CHL",7.605406176
1985,"CHL",6.900608611
1986,"CHL",6.288002199
1987,"CHL",5.638071075
1988,"CHL",4.13999608
1989,"CHL",3.590029509
1990,"CHL",3.401654859
1991,"CHL",2.849842767
1992,"CHL",2.628510469
1993,"CHL",2.706922937
1994,"CHL",2.597544983
1995,"CHL",2.562064629
1996,"CHL",2.449320898
1997,"CHL",2.498201924
1998,"CHL",2.589837226
1999,"CHL",2.713631594
2000,"CHL",2.688615886
2001,"CHL",2.647049152
2002,"CHL",2.531542942
2003,"CHL",2.70297151
2004,"CHL",2.712290407
2005,"CHL",2.534762993
2006,"CHL",2.506082143
2007,"CHL",2.330980634
2008,"CHL",2.583652259
2009,"CHL",2.276507868
2010,"CHL",2.254240915
1989,"CHN",2.447101315
1990,"CHN",2.454016116
1991,"CHN",2.311243412
1992,"CHN",2.449542068
1993,"CHN",1.928066874
1994,"CHN",1.693479599
1995,"CHN",1.686233887
1996,"CHN",1.65272667
1997,"CHN",1.632650673
1998,"CHN",1.655080691
1999,"CHN",1.871465914
2000,"CHN",1.835759685
2001,"CHN",1.983086244
2002,"CHN",2.059364653
2003,"CHN",1.996288936
2004,"CHN",1.938508233
2005,"CHN",1.871858023
2006,"CHN",1.869591636
2007,"CHN",1.750164585
2008,"CHN",1.716042546
2009,"CHN",1.893523796
2010,"CHN",1.733519862
1980,"COL",1.830121649
1981,"COL",1.755120362
1982,"COL",1.713850959
1983,"COL",2.219937527
1984,"COL",2.325894964
1985,"COL",2.054016609
1986,"COL",1.944619591
1987,"COL",1.983135416
1988,"COL",2.199244755
1989,"COL",2.188183807
1990,"COL",1.8601593
1991,"COL",1.853481783
1992,"COL",2.106677943
1993,"COL",2.525267018
1994,"COL",2.508407013
1995,"COL",2.831626581
1996,"COL",4.445393254
1997,"COL",2.801787886
1998,"COL",3.440985742
1999,"COL",3.762742058
2000,"COL",3.031683539
2001,"COL",3.323872819
2002,"COL",3.417127624
2003,"COL",3.463988691
2004,"COL",3.465015174
2005,"COL",3.374679694
2006,"COL",3.295824991
2007,"COL",3.286301709
2008,"COL",3.737246986
2009,"COL",3.886963837
2010,"COL",3.636915046
2009,"CUB",3.380960052
2010,"CUB",3.326856112
1985,"CYP",1.270291696
1986,"CYP",1.577157899
1987,"CYP",5.391477698
1988,"CYP",5.700256029
1989,"CYP",5.369355098
1990,"CYP",7.374035613
1991,"CYP",7.264776122
1992,"CYP",9.129286044
1993,"CYP",4.074952605
1994,"CYP",4.023989196
1995,"CYP",3.041034215
1996,"CYP",4.524714829
1997,"CYP",5.57391077
1998,"CYP",4.676317946
1999,"CYP",2.73385097
2000,"CYP",2.822090151
2001,"CYP",3.153222159
2002,"CYP",2.130160735
2003,"CYP",1.985163124
2004,"CYP",1.955769162
2005,"CYP",2.037469743
2006,"CYP",1.899997863
2007,"CYP",1.684599658
2008,"CYP",1.629704944
2009,"CYP",1.816819508
2010,"CYP",1.852924551
1993,"CZE",2.330404066
1994,"CZE",2.283400858
1995,"CZE",1.843622773
1996,"CZE",1.731904688
1997,"CZE",1.662045791
1998,"CZE",1.82593182
1999,"CZE",1.859069923
2000,"CZE",1.877356956
2001,"CZE",1.751249558
2002,"CZE",1.824406968
2003,"CZE",1.892764044
2004,"CZE",1.713703173
2005,"CZE",1.7788222
2006,"CZE",1.567835336
2007,"CZE",1.423716289
2008,"CZE",1.232471567
2009,"CZE",1.310564143
2010,"CZE",1.194772181
1980,"DJI",0.535539602
1981,"DJI",1.415326001
1982,"DJI",7.485064011
1983,"DJI",7.659693166
1991,"DJI",6.650884508
1992,"DJI",6.760028054
1993,"DJI",6.158737241
1994,"DJI",5.757444699
1995,"DJI",5.791646029
1996,"DJI",5.080478793
1997,"DJI",5.474986078
1998,"DJI",5.65087454
1999,"DJI",5.478089713
2000,"DJI",5.069101191
2004,"DJI",5.607179054
2005,"DJI",4.507756783
2006,"DJI",4.58763424
2007,"DJI",2.901074893
2008,"DJI",2.627582525
1980,"DOM",1.583543216
1981,"DOM",1.720128253
1982,"DOM",1.582040078
1983,"DOM",1.366505433
1984,"DOM",1.198895981
1985,"DOM",1.210052351
1986,"DOM",1.344154055
1987,"DOM",1.018139942
1988,"DOM",0.880047488
1989,"DOM",0.800367985
1990,"DOM",0.675729388
1991,"DOM",0.348155032
1992,"DOM",0.559086816
1993,"DOM",0.755070036
1994,"DOM",0.733765624
1995,"DOM",0.549477868
1996,"DOM",0.63365161
1997,"DOM",0.796926407
1998,"DOM",0.780062374
1999,"DOM",0.816243888
2000,"DOM",1.030096472
2001,"DOM",1.213496052
2002,"DOM",1.058919211
2003,"DOM",0.764145027
2004,"DOM",0.687618052
2005,"DOM",0.766536372
2006,"DOM",0.683423361
2007,"DOM",0.627619057
2008,"DOM",0.699861657
2009,"DOM",0.66746117
2010,"DOM",0.667531705
1980,"ECU",1.781224699
1981,"ECU",1.677840318
1982,"ECU",1.654002831
1983,"ECU",1.57477835
1984,"ECU",1.485232327
1985,"ECU",1.779738554
1986,"ECU",1.837386828
1987,"ECU",1.966316149
1988,"ECU",1.977626848
1989,"ECU",1.923989193
1990,"ECU",1.890323788
1991,"ECU",1.778360165
1992,"ECU",1.667206599
1993,"ECU",1.821421501
1994,"ECU",1.559343468
1995,"ECU",2.34132011
1996,"ECU",1.950397527
1997,"ECU",2.104171235
1998,"ECU",2.357234865
1999,"ECU",1.751925046
2000,"ECU",1.452075953
2001,"ECU",1.569375982
2002,"ECU",1.768891985
2003,"ECU",2.278553365
2004,"ECU",1.940332799
2005,"ECU",2.298402791
2006,"ECU",2.029825877
2007,"ECU",2.56823582
2008,"ECU",2.665041736
2009,"ECU",3.117418088
2010,"ECU",3.010551292
1980,"EGY",6.160310278
1981,"EGY",7.416909621
1982,"EGY",7.188960605
1983,"EGY",7.958673933
1984,"EGY",8.26523207
1985,"EGY",7.856933059
1986,"EGY",7.498130566
1987,"EGY",6.528742771
1988,"EGY",5.060876623
1989,"EGY",3.968098958
1990,"EGY",3.467699536
1991,"EGY",3.611744704
1992,"EGY",3.215500632
1993,"EGY",3.097736992
1994,"EGY",3.153934651
1995,"EGY",3.082036234
1996,"EGY",2.97481187
1997,"EGY",2.841485218
1998,"EGY",2.659383291
1999,"EGY",2.569767478
2000,"EGY",2.55126514
2001,"EGY",2.98556856
2002,"EGY",3.278454797
2003,"EGY",3.17728527
2004,"EGY",2.877531237
2005,"EGY",2.714220407
2006,"EGY",2.606218603
2007,"EGY",2.379634675
2008,"EGY",2.180785485
2009,"EGY",2.032645043
2010,"EGY",1.952967042
1993,"ERI",21.32911392
1994,"ERI",12.71594203
1995,"ERI",19.53911241
1996,"ERI",20.34481906
1997,"ERI",11.86041497
1998,"ERI",32.49706661
1999,"ERI",34.37776845
2000,"ERI",32.65567119
2001,"ERI",22.13679156
2002,"ERI",20.67187836
2003,"ERI",20.86574531
1993,"EST",0.761751961
1994,"EST",1.041630274
1995,"EST",0.958098327
1996,"EST",0.873596074
1997,"EST",1.046772487
1998,"EST",1.067491718
1999,"EST",1.287113364
2000,"EST",1.376327115
2001,"EST",1.502214462
2002,"EST",1.667129501
2003,"EST",1.743049295
2004,"EST",1.699689225
2005,"EST",1.450919932
2006,"EST",1.387562066
2007,"EST",1.657320236
2008,"EST",1.767197613
2009,"EST",1.799059796
2010,"EST",1.700425622
1980,"ETH",8.708582133
1981,"ETH",7.536958032
1982,"ETH",7.539018428
1983,"ETH",7.179617834
1984,"ETH",7.969148162
1985,"ETH",6.823904199
1986,"ETH",6.697237569
1987,"ETH",6.855673685
1988,"ETH",8.50143611
1989,"ETH",10.27664846
1990,"ETH",9.657969809
1991,"ETH",5.705131545
1992,"ETH",3.441708349
1993,"ETH",3.071688351
1994,"ETH",2.868438702
1995,"ETH",2.225616054
1996,"ETH",2.117138489
1997,"ETH",3.343177478
1998,"ETH",7.276936149
1999,"ETH",9.506942683
2000,"ETH",7.613843906
2001,"ETH",4.349020778
2002,"ETH",3.719388099
2003,"ETH",3.238842734
2004,"ETH",3.072650407
2005,"ETH",2.812218375
2006,"ETH",2.307149324
2007,"ETH",1.89627733
2008,"ETH",1.515847964
2009,"ETH",1.204601578
2010,"ETH",1.153942527
1980,"FIN",1.67093548
1981,"FIN",1.545586731
1982,"FIN",1.64375015
1983,"FIN",1.823263814
1984,"FIN",1.604041801
1985,"FIN",1.676579073
1986,"FIN",1.723909953
1987,"FIN",1.64553301
1988,"FIN",1.607691173
1989,"FIN",1.534314492
1990,"FIN",1.563351499
1991,"FIN",1.781231036
1992,"FIN",1.907131012
1993,"FIN",1.868011507
1994,"FIN",1.755603595
1995,"FIN",1.422541499
1996,"FIN",1.530472271
1997,"FIN",1.535155051
1998,"FIN",1.463175558
1999,"FIN",1.223103772
2000,"FIN",1.241147504
2001,"FIN",1.144512833
2002,"FIN",1.154637229
2003,"FIN",1.446857263
2004,"FIN",1.470163565
2005,"FIN",1.46451774
2006,"FIN",1.442401862
2007,"FIN",1.287520506
2008,"FIN",1.390939404
2009,"FIN",1.560742356
2010,"FIN",1.49175816
1980,"GAB",1.603627516
1981,"GAB",2.28680324
1982,"GAB",2.447640676
1983,"GAB",2.553586628
1984,"GAB",2.255494152
1985,"GAB",2.859046984
1986,"GAB",3.995927717
2000,"GAB",1.801452248
2001,"GAB",1.793952098
2002,"GAB",1.783170277
2003,"GAB",1.668327933
2004,"GAB",1.613166169
2005,"GAB",1.248682169
2006,"GAB",1.28261921
2010,"GAB",1.871622566
1980,"GHA",0.773574779
1981,"GHA",0.741113532
1983,"GHA",0.341179539
1984,"GHA",0.593211882
1985,"GHA",1.000443087
1986,"GHA",0.900516844
1987,"GHA",0.892627346
1988,"GHA",0.437880518
1989,"GHA",0.430846522
1990,"GHA",0.276510427
1991,"GHA",0.368975045
1992,"GHA",0.37734722
1993,"GHA",0.42195164
1994,"GHA",0.426586696
1995,"GHA",0.335747717
1996,"GHA",0.286903633
1997,"GHA",0.287938176
1998,"GHA",0.334707661
1999,"GHA",0.3336711
2000,"GHA",0.4436304
2001,"GHA",0.264452813
2002,"GHA",0.260305615
2003,"GHA",0.30375831
2004,"GHA",0.277570912
2005,"GHA",0.260967076
2006,"GHA",0.262213533
2007,"GHA",0.370332915
2008,"GHA",0.2940335
2009,"GHA",0.336757871
2010,"GHA",0.282687655
1982,"GNB",0.008694578
1983,"GNB",0.013478315
1984,"GNB",0.015024038
1985,"GNB",0.010903144
1986,"GNB",0.024396442
1987,"GNB",0.058086957
1989,"GNB",0.181085044
1994,"GNB",0.317965024
1995,"GNB",0.49556809
1996,"GNB",0.566593083
1997,"GNB",0.650521153
1998,"GNB",1.404761905
2000,"GNB",2.628030362
2001,"GNB",1.626726771
2002,"GNB",1.558602899
2003,"GNB",1.575423111
2005,"GNB",1.894599283
2009,"GNB",1.550257692
2010,"GNB",1.823879576
1980,"GRC",4.660805995
1981,"GRC",5.735701309
1982,"GRC",5.626593458
1983,"GRC",5.172476663
1984,"GRC",4.835444337
1985,"GRC",4.692566938
1986,"GRC",4.128015122
1987,"GRC",4.255520448
1988,"GRC",4.198232231
1989,"GRC",3.765869465
1990,"GRC",3.798260327
1991,"GRC",3.48486511
1992,"GRC",3.62980089
1993,"GRC",3.600124696
1994,"GRC",3.581972329
1995,"GRC",3.173190196
1996,"GRC",3.311913282
1997,"GRC",3.36586889
1998,"GRC",3.533868815
1999,"GRC",3.360469945
2000,"GRC",3.46535532
2001,"GRC",3.251412856
2002,"GRC",3.077374575
2003,"GRC",2.493894752
2004,"GRC",2.60567253
2005,"GRC",2.836596277
2006,"GRC",2.78341887
2007,"GRC",2.679305921
2008,"GRC",2.983052345
2009,"GRC",3.224841138
2010,"GRC",2.750218262
1980,"GUY",3.700265252
1981,"GUY",3.944896681
1982,"GUY",5.126556017
1983,"GUY",4.516348774
1984,"GUY",4.674705882
1985,"GUY",8.436863544
1986,"GUY",5.355855856
1987,"GUY",3.08608877
1988,"GUY",2.663766014
1989,"GUY",1.583736689
1990,"GUY",0.90582828
1991,"GUY",0.582892778
1992,"GUY",0.969692301
1993,"GUY",0.950952236
1994,"GUY",1.005936721
1995,"GUY",0.915520386
1996,"GUY",0.787830934
2000,"GUY",1.765977248
2001,"GUY",2.017945623
2002,"GUY",2.293286681
2003,"GUY",2.199716827
2004,"GUY",2.809324834
2005,"GUY",1.410485837
2006,"GUY",0.805815135
2007,"GUY",0.914399668
2008,"GUY",1.008881075
2009,"GUY",0.981015648
2010,"GUY",0.905210396
1980,"HUN",3.34257975
1981,"HUN",3.333760739
1982,"HUN",3.243306994
1983,"HUN",3.335936628
1984,"HUN",3.147675013
1985,"HUN",4.972429138
1986,"HUN",3.22373255
1987,"HUN",3.155577299
1988,"HUN",3.596223271
1989,"HUN",2.786162062
1990,"HUN",2.563538027
1991,"HUN",2.161469799
1992,"HUN",2.179653172
1993,"HUN",1.90656829
1994,"HUN",1.824134384
1995,"HUN",1.324727483
1996,"HUN",1.25906104
1997,"HUN",1.476684403
1998,"HUN",1.272164175
1999,"HUN",1.4336126
2000,"HUN",1.513100227
2001,"HUN",1.57012709
2002,"HUN",1.593773802
2003,"HUN",1.642621594
2004,"HUN",1.472723819
2005,"HUN",1.409836156
2006,"HUN",1.218566507
2007,"HUN",1.267214251
2008,"HUN",1.179767562
2009,"HUN",1.125985152
2010,"HUN",1.021990357
1980,"IND",3.13378133
1981,"IND",3.186248122
1982,"IND",3.345117666
1983,"IND",3.32306866
1984,"IND",3.416875594
1985,"IND",3.569030278
1986,"IND",4.106468681
1987,"IND",4.231317527
1988,"IND",3.728671783
1989,"IND",3.534179728
1990,"IND",3.14621461
1991,"IND",2.909974328
1992,"IND",2.704839706
1993,"IND",2.823542246
1994,"IND",2.664673727
1995,"IND",2.578483572
1996,"IND",2.472768225
1997,"IND",2.647732426
1998,"IND",2.727311417
1999,"IND",2.957195647
2000,"IND",2.948929906
2001,"IND",2.924435546
2002,"IND",2.82686683
2003,"IND",2.677776932
2004,"IND",2.828752248
2005,"IND",2.910587502
2006,"IND",2.68038156
2007,"IND",2.478246528
2008,"IND",2.631460781
2009,"IND",3.129384727
2010,"IND",2.889463272
1980,"IRN",5.343150185
1981,"IRN",8.190380823
1982,"IRN",7.906890638
1983,"IRN",7.09708065
1984,"IRN",6.354853844
1985,"IRN",6.51241844
1986,"IRN",6.079335975
1987,"IRN",5.889107789
1988,"IRN",6.269777621
1989,"IRN",4.557980493
1990,"IRN",2.942650125
1991,"IRN",2.169707967
1992,"IRN",1.789305444
1993,"IRN",1.700361202
1994,"IRN",2.073010005
1995,"IRN",2.154165885
1996,"IRN",2.244864511
1997,"IRN",2.498874725
1998,"IRN",2.629079248
1999,"IRN",2.404551738
2000,"IRN",2.295042222
2001,"IRN",2.418179297
2002,"IRN",2.174576366
2003,"IRN",2.405040265
2004,"IRN",2.834557805
2005,"IRN",3.036654498
2006,"IRN",3.3151938
2007,"IRN",2.653982821
2008,"IRN",2.683341921
2009,"IRN",3.047705549
2010,"IRN",2.786548061
1980,"IRQ",5.511524667
1981,"IRQ",10.82953444
2004,"IRQ",1.675589368
2005,"IRQ",2.242580305
2006,"IRQ",1.897571722
2007,"IRQ",2.239928025
2008,"IRQ",2.367759824
2009,"IRQ",2.899140076
2010,"IRQ",2.70935228
1980,"ISR",18.91933663
1981,"ISR",20.26226862
1982,"ISR",18.38821008
1983,"ISR",15.54688868
1984,"ISR",16.18222892
1985,"ISR",16.60064353
1986,"ISR",14.76771288
1987,"ISR",16.90014495
1988,"ISR",15.94709456
1989,"ISR",12.44573265
1990,"ISR",12.36268619
1991,"ISR",15.58698291
1992,"ISR",10.92507753
1993,"ISR",11.52324399
1994,"ISR",10.11996584
1995,"ISR",7.918743906
1996,"ISR",7.729654187
1997,"ISR",7.47926786
1998,"ISR",6.980216666
1999,"ISR",6.530123302
2000,"ISR",6.297164983
2001,"ISR",6.508063123
2002,"ISR",6.59401334
2003,"ISR",6.486405973
2004,"ISR",6.358035113
2005,"ISR",6.26491269
2006,"ISR",6.049564455
2007,"ISR",6.367865558
2008,"ISR",6.391801097
2009,"ISR",6.148111929
2010,"ISR",5.936345029
1980,"ITA",1.763643237
1981,"ITA",1.821112506
1982,"ITA",2.005372903
1983,"ITA",2.01650142
1984,"ITA",2.008607774
1985,"ITA",1.93636892
1986,"ITA",1.977142642
1987,"ITA",2.060353644
1988,"ITA",2.072857459
1989,"ITA",2.02642732
1990,"ITA",1.880798413
1991,"ITA",1.858852684
1992,"ITA",1.751976983
1993,"ITA",1.786767973
1994,"ITA",1.71374276
1995,"ITA",1.467843143
1996,"ITA",1.588492279
1997,"ITA",1.626692799
1998,"ITA",1.644508879
1999,"ITA",1.683299798
2000,"ITA",1.741059504
2001,"ITA",1.679364738
2002,"ITA",1.706187246
2003,"ITA",1.708995537
2004,"ITA",1.68267327
2005,"ITA",1.600968764
2006,"ITA",1.521343326
2007,"ITA",1.447052519
2008,"ITA",1.535674797
2009,"ITA",1.554210702
2010,"ITA",1.500494576
1980,"JOR",10.64587859
1981,"JOR",10.00897356
1982,"JOR",9.939695142
1983,"JOR",9.850838161
1984,"JOR",9.216300284
1985,"JOR",10.04810913
1986,"JOR",9.774560256
1987,"JOR",9.577580589
1988,"JOR",9.363614696
1989,"JOR",9.070780953
1990,"JOR",7.751067583
1991,"JOR",9.973089562
1992,"JOR",6.924248719
1993,"JOR",6.977109417
1994,"JOR",6.539457019
1995,"JOR",4.454248505
1996,"JOR",6.026917517
1997,"JOR",6.131506209
1998,"JOR",6.274621651
1999,"JOR",6.282233221
2000,"JOR",6.256556426
2001,"JOR",5.893078535
2002,"JOR",5.446014467
2003,"JOR",6.001059482
2004,"JOR",5.141721289
2005,"JOR",4.79532279
2006,"JOR",4.659324009
2007,"JOR",5.851282566
2008,"JOR",5.994971561
2009,"JOR",6.39138388
2010,"JOR",5.741499828
1980,"JPN",0.906794213
1981,"JPN",0.916648153
1982,"JPN",0.926375567
1983,"JPN",0.952297427
1984,"JPN",0.958404159
1985,"JPN",0.959397914
1986,"JPN",0.962811252
1987,"JPN",0.965510913
1988,"JPN",0.949708859
1989,"JPN",0.940781036
1990,"JPN",0.941791766
1991,"JPN",0.940821904
1992,"JPN",0.94831244
1993,"JPN",0.950663825
1994,"JPN",0.9228718
1995,"JPN",0.916876617
1996,"JPN",0.911247076
1997,"JPN",0.920437898
1998,"JPN",0.938594775
1999,"JPN",0.945248337
2000,"JPN",0.91598561
2001,"JPN",0.931672842
2002,"JPN",0.94035754
2003,"JPN",0.94004661
2004,"JPN",0.926604016
2005,"JPN",0.9169168
2006,"JPN",0.902988432
2007,"JPN",0.884987382
2008,"JPN",0.907855046
2009,"JPN",0.972969566
2010,"JPN",0.949032561
1980,"KEN",4.515319835
1981,"KEN",4.225324839
1982,"KEN",4.572783179
1983,"KEN",4.195233924
1984,"KEN",3.476912474
1985,"KEN",2.375757456
1986,"KEN",2.50357532
1987,"KEN",3.133743491
1988,"KEN",2.945553395
1989,"KEN",2.740851686
1990,"KEN",2.888214958
1991,"KEN",2.35425809
1992,"KEN",1.900746762
1993,"KEN",1.837741595
1994,"KEN",1.641252808
1995,"KEN",1.646716231
1996,"KEN",1.417954703
1997,"KEN",1.340638598
1998,"KEN",1.220122519
1999,"KEN",1.186974148
2000,"KEN",1.313742032
2001,"KEN",1.504754902
2002,"KEN",1.632407811
2003,"KEN",1.650099843
2004,"KEN",1.614194237
2005,"KEN",1.690587014
2006,"KEN",1.45517741
2007,"KEN",1.54791228
2008,"KEN",1.615850294
2009,"KEN",1.365075717
2010,"KEN",1.369985258
1980,"KOR",6.398772113
1981,"KOR",6.415857298
1982,"KOR",6.240894485
1983,"KOR",5.726813608
1984,"KOR",5.254535393
1985,"KOR",5.225531685
1986,"KOR",4.948256251
1987,"KOR",4.46860555
1988,"KOR",4.281215938
1989,"KOR",4.290235295
1990,"KOR",4.002304289
1991,"KOR",3.711127841
1992,"KOR",3.69027269
1993,"KOR",3.417894838
1994,"KOR",3.192752669
1995,"KOR",2.892332986
1996,"KOR",2.743479663
1997,"KOR",2.663387808
1998,"KOR",2.794442004
1999,"KOR",2.49257722
2000,"KOR",2.45731752
2001,"KOR",2.427877741
2002,"KOR",2.315474377
2003,"KOR",2.328664618
2004,"KOR",2.331064888
2005,"KOR",2.467282737
2006,"KOR",2.48836867
2007,"KOR",2.469638856
2008,"KOR",2.489402769
2009,"KOR",2.603514106
2010,"KOR",2.462719203
1992,"LAO",8.67531237
1993,"LAO",8.107511278
1994,"LAO",7.522004062
1995,"LAO",5.834195587
1996,"LAO",4.186706844
1997,"LAO",3.839007037
1998,"LAO",2.594217254
1999,"LAO",1.057742579
2000,"LAO",0.791543217
2001,"LAO",0.717115235
2002,"LAO",0.583934898
2003,"LAO",0.492156926
2004,"LAO",0.433725286
2005,"LAO",0.392508609
2006,"LAO",0.343162745
2007,"LAO",0.312173796
2008,"LAO",0.273820907
2009,"LAO",0.217194753
2010,"LAO",0.204567129
1980,"LBR",1.491751492
1981,"LBR",3.112817484
1982,"LBR",5.017941891
1983,"LBR",4.706096672
1984,"LBR",2.940483206
1985,"LBR",2.95430518
1986,"LBR",2.895362663
1987,"LBR",2.287212171
1988,"LBR",2.407781951
1991,"LBR",7.183908046
1992,"LBR",10.13422819
1993,"LBR",18.98379052
1994,"LBR",29.72768533
2004,"LBR",0.634351669
2005,"LBR",0.856442096
2006,"LBR",0.476173999
2007,"LBR",0.311075183
2008,"LBR",0.497952236
2009,"LBR",0.651749771
2010,"LBR",0.816738926
1980,"LUX",1.041844203
1981,"LUX",1.093420029
1982,"LUX",1.077152008
1983,"LUX",1.088241294
1984,"LUX",1.042169628
1985,"LUX",0.867554425
1986,"LUX",0.833086845
1987,"LUX",0.915915919
1988,"LUX",0.951494529
1989,"LUX",0.78845832
1990,"LUX",0.788344681
1991,"LUX",0.811385163
1992,"LUX",0.827198401
1993,"LUX",0.707154434
1994,"LUX",0.741561436
1995,"LUX",0.595326878
1996,"LUX",0.587036047
1997,"LUX",0.61389004
1998,"LUX",0.639920504
1999,"LUX",0.571401926
2000,"LUX",0.544118543
2001,"LUX",0.68028708
2002,"LUX",0.586825536
2003,"LUX",0.607179942
2004,"LUX",0.611235471
2005,"LUX",0.584776157
2006,"LUX",0.520787713
2007,"LUX",0.501624007
2008,"LUX",0.364912795
2009,"LUX",0.371311757
2010,"LUX",0.441009497
1980,"MLI",2.079295607
1981,"MLI",1.960761961
1982,"MLI",2.106794957
1983,"MLI",1.983660086
1984,"MLI",1.972607414
1985,"MLI",2.142416326
1986,"MLI",2.026768941
1987,"MLI",2.116786114
1988,"MLI",2.213468102
1989,"MLI",2.11201131
1990,"MLI",1.956494183
1993,"MLI",1.563793465
1994,"MLI",1.438026266
1995,"MLI",1.497017082
1996,"MLI",1.428410594
1997,"MLI",1.496852238
1998,"MLI",1.404632311
1999,"MLI",1.492289928
2000,"MLI",1.478649744
2001,"MLI",1.295172228
2002,"MLI",1.268850431
2003,"MLI",1.419333113
2004,"MLI",1.421998844
2005,"MLI",1.384312041
2006,"MLI",1.39141541
2007,"MLI",1.355034028
2008,"MLI",1.465714868
2009,"MLI",1.418664255
2010,"MLI",1.374566808
1985,"MLT",1.276251034
1986,"MLT",1.269183826
1987,"MLT",1.456257769
1988,"MLT",1.221066731
1989,"MLT",1.108184837
1990,"MLT",0.914918012
1991,"MLT",0.871119892
1992,"MLT",0.973183399
1993,"MLT",1.001961048
1994,"MLT",1.024059115
1995,"MLT",0.842358248
1996,"MLT",0.874812369
1997,"MLT",0.824691194
1998,"MLT",0.731471858
1999,"MLT",0.683654672
2000,"MLT",0.625517349
2001,"MLT",0.666917449
2002,"MLT",0.635846067
2003,"MLT",0.630122909
2004,"MLT",0.670530017
2005,"MLT",0.819604968
2006,"MLT",0.653051751
2007,"MLT",0.617690722
2008,"MLT",0.616369199
2009,"MLT",0.679751022
2010,"MLT",0.650590926
1987,"MNG",5.833885088
1988,"MNG",6.341243447
1989,"MNG",6.251195081
1990,"MNG",4.281385375
1991,"MNG",3.231535125
1992,"MNG",1.9094372
1993,"MNG",1.712362705
1994,"MNG",1.654355581
1995,"MNG",1.620505926
1996,"MNG",1.776947369
1997,"MNG",1.638734822
1998,"MNG",1.906537546
1999,"MNG",1.835012306
2000,"MNG",2.022480608
2001,"MNG",1.781658408
2002,"MNG",1.795567211
2003,"MNG",1.509694317
2004,"MNG",1.382730063
2005,"MNG",1.017285885
2006,"MNG",0.961656696
2007,"MNG",1.053272166
2008,"MNG",0.823306745
2009,"MNG",0.629698225
2010,"MNG",0.762997246
1990,"NAM",6.421002689
1991,"NAM",5.615254952
1992,"NAM",4.25041876
1993,"NAM",2.464523758
1994,"NAM",1.751233873
1995,"NAM",1.947898631
1996,"NAM",1.903604024
1997,"NAM",2.301355143
1998,"NAM",2.321837245
1999,"NAM",3.124033069
2000,"NAM",2.706732799
2001,"NAM",3.00874088
2002,"NAM",2.617845379
2003,"NAM",2.624912883
2004,"NAM",2.527589681
2005,"NAM",2.645205301
2006,"NAM",2.501249398
2007,"NAM",2.610424557
2008,"NAM",3.137261574
2009,"NAM",3.374363684
2010,"NAM",3.514743975
1980,"NIC",3.346180419
1981,"NIC",4.335591113
1991,"NIC",4.00221576
1992,"NIC",2.632753235
1993,"NIC",2.102325581
1994,"NIC",1.18950041
1995,"NIC",1.102820307
1996,"NIC",0.949704913
1997,"NIC",0.894669832
1998,"NIC",0.735362192
1999,"NIC",0.719492825
2000,"NIC",0.782751441
2001,"NIC",0.683524521
2002,"NIC",0.865165582
2003,"NIC",0.860737429
2004,"NIC",0.730793275
2005,"NIC",0.700404064
2006,"NIC",0.551255993
2007,"NIC",0.531726215
2008,"NIC",0.502058377
2009,"NIC",0.502751001
2010,"NIC",0.505472679
1980,"NOR",2.619018869
1981,"NOR",2.623972153
1982,"NOR",2.744592106
1983,"NOR",2.794971532
1984,"NOR",2.544434351
1985,"NOR",2.796000232
1986,"NOR",2.808417018
1987,"NOR",2.978324426
1988,"NOR",2.893089863
1989,"NOR",2.910157092
1990,"NOR",2.886226894
1991,"NOR",2.747487196
1992,"NOR",2.964700275
1993,"NOR",2.687349845
1994,"NOR",2.733137082
1995,"NOR",2.30749104
1996,"NOR",2.163074974
1997,"NOR",2.016079571
1998,"NOR",2.156737667
1999,"NOR",2.039105571
2000,"NOR",1.705831873
2001,"NOR",1.70454146
2002,"NOR",2.080591931
2003,"NOR",1.974854487
2004,"NOR",1.848785144
2005,"NOR",1.575884673
2006,"NOR",1.444668028
2007,"NOR",1.459172078
2008,"NOR",1.370333717
2009,"NOR",1.596909799
2010,"NOR",1.507627955
1980,"PAK",5.523244467
1981,"PAK",5.710870576
1982,"PAK",6.375717087
1983,"PAK",6.643798059
1984,"PAK",6.659491457
1985,"PAK",6.922133598
1986,"PAK",6.991656011
1987,"PAK",6.971880084
1988,"PAK",6.785810731
1989,"PAK",6.532725256
1990,"PAK",6.522320235
1991,"PAK",6.570952788
1992,"PAK",6.698187549
1993,"PAK",6.427312623
1994,"PAK",5.923548293
1995,"PAK",5.820225283
1996,"PAK",6.037166305
1997,"PAK",5.621216489
1998,"PAK",5.415095044
1999,"PAK",5.189899265
2000,"PAK",4.168722714
2001,"PAK",3.878933945
2002,"PAK",4.073770168
2003,"PAK",4.091427187
2004,"PAK",3.956034117
2005,"PAK",3.897019393
2006,"PAK",3.645255204
2007,"PAK",3.5119861
2008,"PAK",3.459371004
2009,"PAK",3.265223993
2010,"PAK",3.423690973
1987,"PAN",1.840980437
1988,"PAN",2.110985742
1989,"PAN",2.084910486
1990,"PAN",1.256359137
1991,"PAN",1.228547313
1992,"PAN",1.083474267
1993,"PAN",1.198645229
1994,"PAN",1.192556558
1995,"PAN",1.11575689
1996,"PAN",1.085592302
1997,"PAN",1.170170567
1998,"PAN",0.951292019
1999,"PAN",0.974136501
1980,"PER",4.55906822
1981,"PER",3.984819734
1982,"PER",5.112651646
1983,"PER",4.845956354
1984,"PER",3.35755814
1985,"PER",3.870149096
1986,"PER",3.349295541
1987,"PER",3.411496045
1988,"PER",2.185200963
1989,"PER",2.19047619
1990,"PER",2.682378792
1991,"PER",2.019815931
1992,"PER",2.507035047
1993,"PER",2.746102469
1994,"PER",2.47419794
1995,"PER",2.635324099
1996,"PER",2.502026598
1997,"PER",1.996769968
1998,"PER",2.016661342
1999,"PER",1.930630719
2000,"PER",1.788966849
2001,"PER",1.75202013
2002,"PER",1.541840221
2003,"PER",1.509499498
2004,"PER",1.382223536
2005,"PER",1.581272686
2006,"PER",1.456214926
2007,"PER",1.303938254
2008,"PER",1.246694882
2009,"PER",1.529625724
2010,"PER",1.476972039
1980,"PNG",1.403083226
1981,"PNG",1.409638554
1985,"PNG",1.558878335
1986,"PNG",1.56493311
1987,"PNG",1.610783206
1988,"PNG",1.266286003
1989,"PNG",1.4965361
1990,"PNG",1.419133733
1991,"PNG",0.924685894
1992,"PNG",0.890351343
1993,"PNG",0.917458234
1994,"PNG",1.013205299
1995,"PNG",0.775516093
1996,"PNG",1.017311366
1997,"PNG",1.075353754
1998,"PNG",0.879220321
1999,"PNG",0.691394522
2000,"PNG",0.639107654
2001,"PNG",0.547294852
2002,"PNG",0.371637931
2003,"PNG",0.345763181
2004,"PNG",0.389122471
2005,"PNG",0.416637769
2006,"PNG",0.376920047
2007,"PNG",0.4116026
2008,"PNG",0.337014471
2009,"PNG",0.447943023
2010,"PNG",0.325144509
1980,"POL",2.652329749
1981,"POL",2.913185616
1982,"POL",3.245582402
1983,"POL",2.902946274
1984,"POL",3.055037313
1985,"POL",3.015797032
1986,"POL",2.941403536
1987,"POL",2.762691854
1988,"POL",2.592055081
1989,"POL",1.81712151
1990,"POL",2.612485744
1991,"POL",2.251650225
1992,"POL",2.230999443
1993,"POL",2.469187315
1994,"POL",2.273232103
1995,"POL",1.955507055
1996,"POL",1.967919401
1997,"POL",2.031306697
1998,"POL",2.019081314
1999,"POL",1.901135771
2000,"POL",1.830336585
2001,"POL",1.905638001
2002,"POL",1.900638649
2003,"POL",1.908042037
2004,"POL",1.873241006
2005,"POL",1.92612987
2006,"POL",1.92075038
2007,"POL",2.002032828
2008,"POL",1.752139711
2009,"POL",1.797416228
2010,"POL",1.847852155
1980,"QAT",7.868680878
1981,"QAT",12.21680182
1982,"QAT",19.27738675
1983,"QAT",13.95848337
1984,"QAT",12.73392514
1985,"QAT",24.84641486
1987,"QAT",15.88953342
1988,"QAT",16.27235088
1989,"QAT",13.07757453
1990,"QAT",10.74387877
1991,"QAT",13.01125479
2002,"QAT",3.929969922
2003,"QAT",3.33399484
2004,"QAT",2.433859686
2005,"QAT",1.993016269
2006,"QAT",1.750507649
2007,"QAT",1.9598416
2008,"QAT",2.010500927
2009,"QAT",1.992213177
2010,"QAT",1.473909083
1992,"RUS",4.427032321
1993,"RUS",4.181324647
1994,"RUS",4.523700655
1995,"RUS",3.784429967
1996,"RUS",3.756558821
1997,"RUS",4.039809297
1998,"RUS",2.732649089
1999,"RUS",3.073287922
2000,"RUS",3.307029837
2001,"RUS",3.546319229
2002,"RUS",3.756277391
2003,"RUS",3.67083809
2004,"RUS",3.300353647
2005,"RUS",3.331237234
2006,"RUS",3.246357234
2007,"RUS",3.118542075
2008,"RUS",3.14948602
2009,"RUS",3.924063403
2010,"RUS",3.58508572
1980,"RWA",1.876851852
1981,"RWA",2.039151713
1982,"RWA",2.003055768
1983,"RWA",1.895144265
1984,"RWA",1.604022627
1985,"RWA",1.588370754
1986,"RWA",1.795534665
1987,"RWA",1.675233645
1988,"RWA",1.594260662
1989,"RWA",1.753758806
1990,"RWA",3.729165984
1991,"RWA",5.509172203
1992,"RWA",4.290602124
1993,"RWA",4.536375401
1994,"RWA",3.43787696
1995,"RWA",0.607802875
1996,"RWA",5.328556116
1997,"RWA",4.173525613
1998,"RWA",4.377647282
1999,"RWA",4.448105437
2000,"RWA",3.535502959
2001,"RWA",3.396226415
2002,"RWA",3.048933501
2003,"RWA",2.447129909
2004,"RWA",1.973466003
2005,"RWA",1.743055556
2006,"RWA",1.643910431
2007,"RWA",1.365678347
2008,"RWA",1.306497175
2009,"RWA",1.326902399
2010,"RWA",1.216792682
1980,"SAU",12.61335924
1981,"SAU",13.26523888
1982,"SAU",17.7202464
1983,"SAU",16.97292732
1984,"SAU",19.00434836
1985,"SAU",16.99520087
1987,"SAU",16.89641419
1988,"SAU",15.15188188
1989,"SAU",13.39031658
1990,"SAU",14.02429265
1991,"SAU",12.46980799
1992,"SAU",11.28415798
1993,"SAU",12.46537228
1994,"SAU",10.64478167
1995,"SAU",9.27846839
1996,"SAU",8.468077759
1997,"SAU",11.00093542
1998,"SAU",14.31103745
1999,"SAU",11.38193602
2000,"SAU",10.53440331
2001,"SAU",11.41900489
2002,"SAU",9.758063801
2003,"SAU",8.687118465
2004,"SAU",8.081555659
2005,"SAU",7.730598875
2006,"SAU",7.848365211
2007,"SAU",8.527049978
2008,"SAU",7.353436468
2009,"SAU",9.617199992
2010,"SAU",8.565677294
1980,"SEN",2.75527027
1981,"SEN",2.734414832
1982,"SEN",2.349510763
1983,"SEN",2.545884579
1984,"SEN",2.407952623
1985,"SEN",2.192862509
1986,"SEN",2.040041351
1987,"SEN",1.981188119
1988,"SEN",2.111784512
1989,"SEN",2.027696235
1990,"SEN",1.633468986
1991,"SEN",1.547055567
1992,"SEN",1.443999933
1993,"SEN",1.668304044
1994,"SEN",1.347619738
1995,"SEN",1.310099111
1996,"SEN",1.243917937
1997,"SEN",1.19691223
1998,"SEN",1.179141855
1999,"SEN",1.202126805
2000,"SEN",1.048360277
2001,"SEN",1.115667493
2002,"SEN",1.101240436
2003,"SEN",1.115442778
2004,"SEN",1.05782487
2005,"SEN",1.130464529
2006,"SEN",1.27105687
2007,"SEN",1.379591734
2008,"SEN",1.291966869
2009,"SEN",1.335875876
2010,"SEN",1.215309331
1980,"SLV",1.736336488
1981,"SLV",2.279546416
1982,"SLV",2.776336531
1983,"SLV",3.551449894
1984,"SLV",6.443282437
1985,"SLV",6.589716115
1986,"SLV",4.329956718
1987,"SLV",4.469163951
1988,"SLV",4.271323885
1989,"SLV",4.87234585
1990,"SLV",3.413665987
1991,"SLV",2.732577455
1992,"SLV",2.253576782
1993,"SLV",1.67872879
1994,"SLV",1.352221179
1995,"SLV",1.175058328
1996,"SLV",1.074409153
1997,"SLV",1.007766206
1998,"SLV",0.922942908
1999,"SLV",0.92054924
2000,"SLV",0.840331038
2001,"SLV",1.090670039
2002,"SLV",1.13023873
2003,"SLV",0.841381285
2004,"SLV",0.810214431
2005,"SLV",0.904204654
2006,"SLV",0.888131106
2007,"SLV",0.973444825
2008,"SLV",0.961811831
2009,"SLV",1.078878211
2010,"SLV",1.089553727
1980,"SOM",0.549735206
1981,"SOM",0.607709751
1982,"SOM",0.288266621
1983,"SOM",0.239324529
1984,"SOM",0.143127627
1985,"SOM",0.050709707
1986,"SOM",28.94824154
1987,"SOM",16.95621133
1988,"SOM",17.4357168
1989,"SOM",1.529992136
1980,"SWZ",2.423538888
1981,"SWZ",2.166101018
1982,"SWZ",2.199561002
1983,"SWZ",2.255866115
1984,"SWZ",2.030801751
1985,"SWZ",1.841121495
1986,"SWZ",1.634512326
1987,"SWZ",1.42929208
1988,"SWZ",1.260090256
1989,"SWZ",1.252872306
1990,"SWZ",1.275974578
1991,"SWZ",1.384516594
1992,"SWZ",1.632711543
1993,"SWZ",1.748046765
1994,"SWZ",1.81808982
1995,"SWZ",1.693339262
1996,"SWZ",1.652577731
1997,"SWZ",1.49483917
1998,"SWZ",1.647208951
1999,"SWZ",1.684505913
2000,"SWZ",1.435205791
2001,"SWZ",1.290036453
2002,"SWZ",1.303786516
2003,"SWZ",1.470954079
2004,"SWZ",1.541330909
2005,"SWZ",1.902886579
2006,"SWZ",1.809932745
2007,"SWZ",1.644390588
2008,"SWZ",2.006123255
2009,"SWZ",2.098700568
2010,"SWZ",2.37429406
1980,"SYR",17.24985372
1981,"SYR",14.54611794
1982,"SYR",15.5593999
1983,"SYR",14.63890519
1984,"SYR",17.68601842
1985,"SYR",16.55512166
1986,"SYR",14.44968129
1987,"SYR",11.21820972
1988,"SYR",7.853929383
1989,"SYR",7.972540834
1990,"SYR",6.868086819
1991,"SYR",10.42578732
1992,"SYR",8.990662756
1993,"SYR",7.238099842
1994,"SYR",7.36414273
1995,"SYR",6.949691317
1996,"SYR",6.041916055
1997,"SYR",5.882755318
1998,"SYR",5.808381112
1999,"SYR",5.810580496
2000,"SYR",5.453656421
2001,"SYR",5.480550468
2002,"SYR",5.412501223
2003,"SYR",6.248324272
2004,"SYR",5.541838676
2005,"SYR",5.026419904
2006,"SYR",4.394446823
2007,"SYR",4.100543653
2008,"SYR",3.552339806
2009,"SYR",4.027707759
2010,"SYR",4.056141736
1994,"TKM",1.797647059
1995,"TKM",2.315846154
1996,"TKM",2.041744359
1997,"TKM",3.962270214
1998,"TKM",3.11402735
1999,"TKM",2.901874751
1980,"TUN",2.028719344
1981,"TUN",2.481077793
1982,"TUN",3.691903569
1983,"TUN",4.167258349
1984,"TUN",2.75534146
1985,"TUN",2.335573427
1986,"TUN",2.086676103
1987,"TUN",1.823184593
1988,"TUN",2.103475852
1989,"TUN",2.114550391
1990,"TUN",1.839456589
1991,"TUN",1.833708528
1992,"TUN",1.706125878
1993,"TUN",1.732113955
1994,"TUN",1.742123212
1995,"TUN",1.744707586
1996,"TUN",1.867535229
1997,"TUN",1.726384544
1998,"TUN",1.677971515
1999,"TUN",1.556075757
2000,"TUN",1.547904033
2001,"TUN",1.521112473
2002,"TUN",1.492642926
2003,"TUN",1.483885704
2004,"TUN",1.425902063
2005,"TUN",1.451601416
2006,"TUN",1.446362424
2007,"TUN",1.260993856
2008,"TUN",1.290624926
2009,"TUN",1.294949609
2010,"TUN",1.236170521
1980,"TUR",3.900313297
1981,"TUR",3.82453187
1982,"TUR",4.298151312
1983,"TUR",3.937605205
1984,"TUR",3.597093815
1985,"TUR",3.531043159
1986,"TUR",3.637992483
1987,"TUR",3.32858525
1988,"TUR",2.932208636
1989,"TUR",3.148726521
1990,"TUR",3.527705694
1991,"TUR",3.754364248
1992,"TUR",3.8705665
1993,"TUR",3.921417254
1994,"TUR",4.051359337
1995,"TUR",3.901649735
1996,"TUR",4.139696943
1997,"TUR",4.103672231
1998,"TUR",3.184500909
1999,"TUR",3.889017374
2000,"TUR",3.66109467
2001,"TUR",3.603457075
2002,"TUR",3.795926881
2003,"TUR",3.296047173
2004,"TUR",2.697983717
2005,"TUR",2.409370506
2006,"TUR",2.35952228
2007,"TUR",2.217929321
2008,"TUR",2.199273923
2009,"TUR",2.489311742
2010,"TUR",2.271714219
1980,"UGA",2.217225096
1981,"UGA",1.888036275
1982,"UGA",1.97598463
1983,"UGA",2.218538462
1984,"UGA",2.626699029
1985,"UGA",2.661729141
1986,"UGA",2.905917938
1987,"UGA",2.586000295
1988,"UGA",2.459881965
1989,"UGA",2.729977858
1990,"UGA",2.968526221
1991,"UGA",2.507998476
1992,"UGA",1.659177721
1993,"UGA",1.931366756
1994,"UGA",2.015782348
1995,"UGA",2.101510533
1996,"UGA",2.210910902
1997,"UGA",2.11670724
1998,"UGA",2.442355813
1999,"UGA",2.655734032
2000,"UGA",1.764607708
2001,"UGA",1.683245146
2002,"UGA",1.634674737
2003,"UGA",1.691687846
2004,"UGA",1.76615583
2005,"UGA",1.684322688
2006,"UGA",1.503426017
2007,"UGA",1.39447189
2008,"UGA",1.347344972
2009,"UGA",1.432317233
2010,"UGA",2.460093877
1992,"UKR",0.318087308
1993,"UKR",0.352352877
1994,"UKR",1.798340267
1995,"UKR",2.035957432
1996,"UKR",2.190786309
1997,"UKR",2.79497911
1998,"UKR",2.105981713
1999,"UKR",1.900756188
2000,"UKR",2.151049237
2001,"UKR",1.886871078
2002,"UKR",1.984684246
2003,"UKR",2.124209046
2004,"UKR",1.9670586
2005,"UKR",2.405748995
2006,"UKR",2.387745638
2007,"UKR",2.472527403
2008,"UKR",2.302741144
2009,"UKR",1.908981904
2010,"UKR",1.902361022
1980,"USA",5.153537467
1981,"USA",5.646541256
1982,"USA",6.814057094
1983,"USA",6.32114426
1984,"USA",6.23641653
1985,"USA",6.453219205
1986,"USA",6.626522658
1987,"USA",6.420274023
1988,"USA",6.071277702
1989,"USA",5.871206008
1990,"USA",5.605175294
1991,"USA",4.883429398
1992,"USA",4.970466808
1993,"USA",4.604350295
1994,"USA",4.215264675
1995,"USA",3.860245792
1996,"USA",3.554982206
1997,"USA",3.405562244
1998,"USA",3.201558499
1999,"USA",3.085676783
2000,"USA",3.112242147
2001,"USA",3.123809803
2002,"USA",3.447618099
2003,"USA",3.827161045
2004,"USA",4.016312736
2005,"USA",4.089231875
2006,"USA",4.041342302
2007,"USA",4.073350515
2008,"USA",4.446595522
2009,"USA",4.875768359
2010,"USA",4.904023332
1994,"UZB",1.527482351
1995,"UZB",1.108028667
1996,"UZB",1.234185876
1997,"UZB",1.402495828
1999,"UZB",1.637649977
2000,"UZB",1.151779873
2001,"UZB",0.834770798
2002,"UZB",0.597792823
2003,"UZB",0.538921304
1980,"VEN",1.695515342
1981,"VEN",1.521685775
1982,"VEN",2.248772616
1983,"VEN",2.970740103
1984,"VEN",2.292051756
1985,"VEN",1.369618956
1986,"VEN",1.649970536
1987,"VEN",1.63369834
1988,"VEN",1.816105083
1989,"VEN",2.793596941
1990,"VEN",1.518036556
1991,"VEN",1.840335277
1992,"VEN",1.64347885
1993,"VEN",2.145253855
1994,"VEN",1.590746925
1995,"VEN",1.54906216
1996,"VEN",1.039483384
1997,"VEN",1.795285052
1998,"VEN",1.588555205
1999,"VEN",1.437199004
2000,"VEN",1.526570129
2001,"VEN",1.555107911
2002,"VEN",1.153373596
2003,"VEN",1.182690627
2004,"VEN",1.288301812
2005,"VEN",1.831713749
2006,"VEN",1.978492217
2007,"VEN",1.888993106
2008,"VEN",1.793552852
2009,"VEN",1.231070415
2010,"VEN",1.013488628
1990,"YEM",6.551183444
1991,"YEM",7.011218859
1992,"YEM",7.277043191
1993,"YEM",7.063920416
1994,"YEM",8.398759041
1995,"YEM",6.350578483
1996,"YEM",5.281345941
1997,"YEM",5.805752597
1998,"YEM",6.081568704
1999,"YEM",5.172722436
2000,"YEM",4.915392365
2001,"YEM",5.481014692
2002,"YEM",6.89560795
2003,"YEM",6.854552052
2004,"YEM",5.301366496
2005,"YEM",4.868317012
2006,"YEM",4.308466835
2007,"YEM",4.850723487
2008,"YEM",4.445829498
2009,"YEM",5.653648497
2010,"YEM",4.685557034
